Date,NearbyOC,DecNC
1/2/2008,4.625000000,4.802499771 
1/3/2008,4.660000000,4.857500076 
1/4/2008,4.667500000,4.867499828 
1/7/2008,4.662500000,4.857500076 
1/8/2008,4.787500000,4.960000038 
1/9/2008,4.772500000,4.949999809 
1/10/2008,4.750000000,4.932499886 
1/11/2008,4.950000000,5.132500172 
1/14/2008,5.120000000,5.304999828 
1/15/2008,5.090000000,5.289999962 
1/16/2008,5.025000000,5.212500095 
1/17/2008,5.020000000,5.210000038 
1/18/2008,4.982500000,5.150000095 
1/22/2008,4.890000000,5.039999962 
1/23/2008,4.692500000,4.840000153 
1/24/2008,4.892500000,5.025000095 
1/25/2008,4.982500000,5.097499847 
1/28/2008,5.022500000,5.105000019 
1/29/2008,5.010000000,5.107500076 
1/30/2008,4.985000000,5.099999905 
1/31/2008,5.012500000,5.157499790 
2/1/2008,5.005000000,5.190000057 
2/4/2008,5.105000000,5.329999924 
2/5/2008,5.092500000,5.324999809 
2/6/2008,5.015000000,5.257500172 
2/7/2008,4.995000000,5.224999905 
2/8/2008,5.080000000,5.300000191 
2/11/2008,5.035000000,5.252500057 
2/12/2008,4.977500000,5.202499866 
2/13/2008,4.970000000,5.192500114 
2/14/2008,5.110000000,5.322500229 
2/15/2008,5.147500038,5.380000114
2/19/2008,5.199999809,5.449999809
2/20/2008,5.235000134,5.480000019
2/21/2008,5.244999886,5.53000021
2/22/2008,4.485000134,5.502500057
2/25/2008,5.332499981,5.572500229
2/26/2008,5.304999828,5.565000057
2/27/2008,5.25,5.534999847
2/28/2008,5.432499886,5.65500021
2/29/2008,5.460000038,5.647500038
3/3/2008,5.554999828,5.760000229
3/4/2008,5.429999828,5.672500134
3/5/2008,5.570000172,5.772500038
3/6/2008,5.570000172,5.792500019
3/7/2008,5.335000038,5.59250021
3/10/2008,5.554999828,5.789999962
3/11/2008,5.639999866,5.855000019
3/12/2008,5.567500114,5.789999962
3/13/2008,5.597499847,5.832499981
3/14/2008,5.454999924,5.75
3/17/2008,5.630000114,5.550000191
3/18/2008,5.692500114,5.612500191
3/19/2008,5.492499828,5.412499905
3/20/2008,5.292500019,5.212500095
3/24/2008,5.247499943,5.397500038
3/25/2008,5.447500229,5.597499847
3/26/2008,5.522500038,5.684999943
3/27/2008,5.554999828,5.684999943
3/28/2008,5.605000019,5.767499924
3/31/2008,5.672500134,5.809999943
4/1/2008,5.840000153,5.929999828
4/2/2008,5.957499981,6.03000021
4/3/2008,6,6.102499962
4/4/2008,5.980000019,6.087500095
4/7/2008,5.900000095,6.034999847
4/8/2008,5.912499905,6.034999847
4/9/2008,6.050000191,6.199999809
4/10/2008,5.942500114,6.112500191
4/11/2008,5.84250021,6.039999962
4/14/2008,5.917500019,6.132500172
4/15/2008,6.059999943,6.252500057
4/16/2008,6.034999847,6.257500172
4/17/2008,6.034999847,6.260000229
4/18/2008,5.994999886,6.227499962
4/21/2008,5.802499771,6.052499771
4/22/2008,5.942500114,6.190000057
4/23/2008,5.877500057,6.125
4/24/2008,5.762499809,6.019999981
4/25/2008,5.772500038,6.067500114
4/28/2008,6,6.302499771
4/29/2008,5.912499905,6.21999979
4/30/2008,6.002500057,6.28249979
5/1/2008,6.054999828,6.315000057
5/2/2008,6.019999981,6.295000076
5/5/2008,5.820000172,6.127500057
5/6/2008,5.947500229,6.235000134
5/7/2008,6.014999866,6.304999828
5/8/2008,6.1875,6.462500095
5/9/2008,6.184999943,6.5
5/12/2008,6.034999847,6.377500057
5/13/2008,5.974999905,6.309999943
5/14/2008,5.897500038,6.204999924
5/15/2008,5.989999771,6.224999905
5/16/2008,5.909999847,6.167500019
5/19/2008,5.867499828,6.130000114
5/20/2008,5.897500038,6.159999847
5/21/2008,6.072500229,6.335000038
5/22/2008,5.957499981,6.232500076
5/23/2008,5.997499943,6.272500038
5/27/2008,5.980000019,6.255000114
5/28/2008,5.925000191,6.195000172
5/29/2008,5.822500229,6.09499979
5/30/2008,5.992499828,6.264999866
6/2/2008,6.15749979,6.432499886
6/3/2008,6.079999924,6.362500191
6/4/2008,6.144999981,6.429999828
6/5/2008,6.432499886,6.707499981
6/6/2008,6.507500172,6.777500153
6/9/2008,6.572500229,6.852499962
6/10/2008,6.732500076,7.027500153
6/11/2008,7.03249979,7.327499866
6/12/2008,7.090000153,7.394999981
6/13/2008,7.317500114,7.650000095
6/16/2008,7.324999809,7.650000095
6/17/2008,7.422500134,7.760000229
6/18/2008,7.462500095,7.800000191
6/19/2008,7.277500153,7.614999771
6/20/2008,7.212500095,7.554999828
6/23/2008,7.242499828,7.59250021
6/24/2008,7.125,7.474999905
6/25/2008,7.300000191,7.650000095
6/26/2008,7.537499905,7.880000114
6/27/2008,7.547500134,7.869999886
6/30/2008,7.247499943,7.570000172
7/1/2008,7.195000172,7.519999981
7/2/2008,7.487500191,7.804999828
7/3/2008,7.460000038,7.769999981
7/7/2008,7.164999962,7.46999979
7/8/2008,6.927499771,7.224999905
7/9/2008,6.829999924,7.127500057
7/10/2008,6.752500057,7.042500019
7/11/2008,6.800000191,7.09250021
7/14/2008,6.570000172,6.822500229
7/15/2008,6.482500076,6.667500019
7/16/2008,6.585000038,6.772500038
7/17/2008,6.3125,6.5
7/18/2008,6.09499979,6.284999847
7/21/2008,5.892499924,6.082499981
7/22/2008,5.735000134,5.922500134
7/23/2008,5.715000153,5.90500021
7/24/2008,5.730000019,5.920000076
7/25/2008,5.772500038,5.965000153
7/28/2008,5.820000172,6.012499809
7/29/2008,5.940000057,6.135000229
7/30/2008,6.014999866,6.212500095
7/31/2008,5.875,6.074999809
8/1/2008,5.650000095,5.849999905
8/4/2008,5.355000019,5.554999828
8/5/2008,5.252500057,5.449999809
8/6/2008,5.079999924,5.277500153
8/7/2008,5.222499847,5.420000076
8/8/2008,4.985000134,5.182499886
8/11/2008,4.972499847,5.170000076
8/12/2008,5.090000153,5.284999847
8/13/2008,5.389999866,5.585000038
8/14/2008,5.577499866,5.772500038
8/15/2008,5.297500134,5.494999886
8/18/2008,5.53000021,5.727499962
8/19/2008,5.647500038,5.84499979
8/20/2008,5.752500057,5.949999809
8/21/2008,5.977499962,6.175000191
8/22/2008,5.864999771,6.065000057
8/25/2008,5.802499771,6
8/26/2008,5.752500057,5.940000057
8/27/2008,5.775000095,5.960000038
8/28/2008,5.699999809,5.877500057
8/29/2008,5.682499886,5.849999905
9/2/2008,5.53000021,5.692500114
9/3/2008,5.465000153,5.622499943
9/4/2008,5.492499828,5.644999981
9/5/2008,5.315000057,5.485000134
9/8/2008,5.329999924,5.489999771
9/9/2008,5.295000076,5.445000172
9/10/2008,5.224,5.366
9/11/2008,5.222,5.332
9/12/2008,5.474,5.632
9/15/2008,5.62,5.802
9/16/2008,5.322500229,5.322500229
9/17/2008,5.539999962,5.539999962
9/18/2008,5.272500038,5.272500038
9/19/2008,5.422500134,5.422500134
9/22/2008,5.585000038,5.585000038
9/23/2008,5.602499962,5.602499962
9/24/2008,5.630000114,5.630000114
9/25/2008,5.582499981,5.582499981
9/26/2008,5.429999828,5.429999828
9/29/2008,5.130000114,5.130000114
9/30/2008,4.875,4.875
10/1/2008,4.840000153,4.840000153
10/2/2008,4.539999962,4.539999962
10/3/2008,4.539999962,4.539999962
10/6/2008,4.239999771,4.239999771
10/7/2008,4.170000076,4.170000076
10/8/2008,4.275000095,4.275000095
10/9/2008,4.382500172,4.382500172
10/10/2008,4.082499981,4.082499981
10/13/2008,4.114999771,4.114999771
10/14/2008,4.112500191,4.112500191
10/15/2008,3.880000114,3.880000114
10/16/2008,3.845000029,3.845000029
10/17/2008,4.03000021,4.03000021
10/20/2008,4.184999943,4.184999943
10/21/2008,4.110000134,4.110000134
10/22/2008,3.849999905,3.849999905
10/23/2008,3.902499914,3.902499914
10/24/2008,3.727499962,3.727499962
10/27/2008,3.852499962,3.852499962
10/28/2008,3.907500029,3.907500029
10/29/2008,4.207499981,4.207499981
10/30/2008,4.09499979,4.09499979
10/31/2008,4.014999866,4.014999866
11/3/2008,4.03000021,4.03000021
11/4/2008,4.130000114,4.130000114
11/5/2008,3.902499914,3.902499914
11/6/2008,3.779999971,3.779999971
11/7/2008,3.755000114,3.755000114
11/10/2008,3.835000038,3.835000038
11/11/2008,3.742500067,3.742500067
11/12/2008,3.694999933,3.694999933
11/13/2008,3.769999981,3.769999981
11/14/2008,3.80250001,3.80250001
11/17/2008,3.857500076,3.857500076
11/18/2008,3.799999952,3.799999952
11/19/2008,3.787499905,3.787499905
11/20/2008,3.637500048,3.637500048
11/21/2008,3.38499999,3.38499999
11/24/2008,3.545000076,3.545000076
11/25/2008,3.535000086,3.535000086
11/26/2008,3.539999962,3.539999962
11/28/2008,3.494999886,3.494999886
12/1/2008,3.327500105,3.327500105
12/2/2008,3.325000048,3.325000048
12/3/2008,3.319999933,3.319999933
12/4/2008,3.182499886,3.182499886
12/5/2008,2.934999943,2.934999943
12/8/2008,3.142499924,3.142499924
12/9/2008,3.122499943,3.122499943
12/10/2008,3.267499924,3.267499924
12/11/2008,3.380000114,3.380000114
12/12/2008,3.595000029,3.595000029
12/15/2008,3.752500057,4.224999905
12/16/2008,3.940000057,4.414999962
12/17/2008,3.894999981,4.352499962
12/18/2008,3.894999981,4.347499847
12/19/2008,3.807499886,4.25
12/22/2008,3.817500114,4.269999981
12/23/2008,3.94749999,4.397500038
12/24/2008,3.980000019,4.414999962
12/26/2008,4.122499943,4.565000057
12/29/2008,3.934999943,4.382500172
12/30/2008,3.962500095,4.40749979
12/31/2008,4.070000172,4.514999866
1/2/2009,4.122499943,4.5625
1/5/2009,4.112500191,4.552499771
1/6/2009,4.275000095,4.712500095
1/7/2009,4.164999962,4.605000019
1/8/2009,4.067500114,4.502500057
1/9/2009,4.107500076,4.542500019
1/12/2009,3.805999994,4.242000103
1/13/2009,3.624000072,4.070000172
1/14/2009,3.664000034,4.113999844
1/15/2009,3.65199995,4.110000134
1/16/2009,3.910000086,4.366000175
1/20/2009,3.834000111,4.300000191
1/21/2009,3.90199995,4.355999947
1/22/2009,3.869999886,4.329999924
1/23/2009,3.900000095,4.360000134
1/26/2009,3.9375,4.389999866
1/27/2009,3.775000095,4.230000019
1/28/2009,3.845000029,4.300000191
1/29/2009,3.817500114,4.272500038
1/30/2009,3.789999962,4.25
2/2/2009,3.704999924,4.159999847
2/3/2009,3.617500067,4.0625
2/4/2009,3.582499981,4.017499924
2/5/2009,3.712500095,4.152500153
2/6/2009,3.772500038,4.21750021
2/9/2009,3.775000095,4.21750021
2/10/2009,3.767499924,4.204999924
2/11/2009,3.684999943,4.099999905
2/12/2009,3.662499905,4.077499866
2/13/2009,3.632499933,4.054999828
2/17/2009,3.492500067,3.902499914
2/18/2009,3.492500067,3.875
2/19/2009,3.532500029,3.9375
2/20/2009,3.502500057,3.897500038
2/23/2009,3.517499924,3.914999962
2/24/2009,3.542500019,3.942500114
2/25/2009,3.637500048,4.037499905
2/26/2009,3.619999886,4.022500038
2/27/2009,3.507499933,3.910000086
3/2/2009,3.434999943,3.80250001
3/3/2009,3.434999943,3.807499886
3/4/2009,3.55250001,3.9375
3/5/2009,3.492500067,3.877500057
3/6/2009,3.527499914,3.907500029
3/9/2009,3.57249999,3.960000038
3/10/2009,3.667500019,4.067500114
3/11/2009,3.559999943,3.960000038
3/12/2009,3.852499962,4.15749979
3/13/2009,3.88499999,4.179999828
3/16/2009,3.914999962,4.212500095
3/17/2009,3.904999971,4.207499981
3/18/2009,3.882499933,4.1875
3/19/2009,3.964999914,4.28249979
3/20/2009,3.964999914,4.28000021
3/23/2009,3.95,4.27
3/24/2009,3.9375,4.252500057
3/25/2009,3.857500076,4.175000191
3/26/2009,3.907500029,4.227499962
3/27/2009,3.869999886,4.192500114
3/30/2009,3.862499952,4.182499886
3/31/2009,4.047500134,4.357500076
4/1/2009,3.960000038,4.272500038
4/2/2009,4.025000095,4.337500095
4/3/2009,4.045000076,4.355000019
4/6/2009,4.054999828,4.367499828
4/7/2009,3.962500095,4.275000095
4/8/2009,3.970000029,4.277500153
4/9/2009,3.902499914,4.21750021
4/13/2009,3.875,4.192500114
4/14/2009,3.942500114,4.247499943
4/15/2009,3.845000029,4.152500153
4/16/2009,3.857500076,4.167500019
4/17/2009,3.762500048,4.070000172
4/20/2009,3.694999933,3.987499952
4/21/2009,3.74000001,4.034999847
4/22/2009,3.734999895,4.03249979
4/23/2009,3.809999943,4.114999771
4/24/2009,3.769999981,4.067500114
4/27/2009,3.722500086,4.014999866
4/28/2009,3.75,4.042500019
4/29/2009,3.930000067,4.21750021
4/30/2009,3.962500095,4.232500076
5/1/2009,4.0625,4.332499981
5/4/2009,3.980000019,4.255000114
5/5/2009,3.984999895,4.25
5/6/2009,4.007500172,4.267499924
5/7/2009,4.047500134,4.309999943
5/8/2009,4.139999866,4.397500038
5/11/2009,4.135000229,4.402500153
5/12/2009,4.195000172,4.480000019
5/13/2009,4.195000172,4.472499847
5/14/2009,4.215000153,4.492499828
5/15/2009,4.172500134,4.385000229
5/18/2009,4.215000153,4.420000076
5/19/2009,4.257500172,4.46999979
5/20/2009,4.260000229,4.472499847
5/21/2009,4.239999771,4.454999924
5/22/2009,4.302499771,4.519999981
5/26/2009,4.275000095,4.502500057
5/27/2009,4.260000229,4.497499943
5/28/2009,4.287499905,4.522500038
5/29/2009,4.362500191,4.59250021
6/1/2009,4.457499981,4.692500114
6/2/2009,4.494999886,4.727499962
6/3/2009,4.324999809,4.550000191
6/4/2009,4.485000134,4.715000153
6/5/2009,4.440000057,4.675000191
6/8/2009,4.349999905,4.579999924
6/9/2009,4.440000057,4.662499905
6/10/2009,4.357500076,4.579999924
6/11/2009,4.409999847,4.632500172
6/12/2009,4.255000114,4.477499962
6/15/2009,4.059999943,4.277500153
6/16/2009,4.039999962,4.252500057
6/17/2009,4.077499866,4.287499905
6/18/2009,4.03249979,4.237500191
6/19/2009,3.992500067,4.195000172
6/22/2009,3.852499962,4.054999828
6/23/2009,3.890000105,4.090000153
6/24/2009,3.86500001,4.072500229
6/25/2009,3.825000048,4.014999866
6/26/2009,3.842499971,4.042500019
6/29/2009,3.769999981,3.972500086
6/30/2009,3.477499962,3.672499895
7/1/2009,3.517499924,3.692500114
7/2/2009,3.457499981,3.575000048
7/6/2009,3.432499886,3.442500114
7/7/2009,3.355000019,3.357500076
7/8/2009,3.392499924,3.342499971
7/9/2009,3.434999943,3.400000095
7/10/2009,3.454999924,3.380000114
7/13/2009,3.317500114,3.394999981
7/14/2009,3.38499999,3.454999924
7/15/2009,3.295000076,3.375
7/16/2009,3.167500019,3.252500057
7/17/2009,3.222500086,3.315000057
7/20/2009,3.232500076,3.337500095
7/21/2009,3.11500001,3.220000029
7/22/2009,3.079999924,3.192500114
7/23/2009,3.269999981,3.387500048
7/24/2009,3.165,3.3
7/27/2009,3.222500086,3.337500095
7/28/2009,3.204999924,3.297499895
7/29/2009,3.207499981,3.279999971
7/30/2009,3.32249999,3.422499895
7/31/2009,3.394999981,3.494999886
8/3/2009,3.579999924,3.690000057
8/4/2009,3.545000076,3.657500029
8/5/2009,3.470000029,3.569999933
8/6/2009,3.325000048,3.402499914
8/7/2009,3.220000029,3.265000105
8/10/2009,3.242500067,3.305000067
8/11/2009,3.265000105,3.309999943
8/12/2009,3.307499886,3.362499952
8/13/2009,3.244999886,3.319999933
8/14/2009,3.192500114,3.277499914
8/17/2009,3.142499924,3.217499971
8/18/2009,3.144999981,3.224999905
8/19/2009,3.200000048,3.275000095
8/20/2009,3.184999943,3.24000001
8/21/2009,3.217499971,3.262500048
8/24/2009,3.295000076,3.355000019
8/25/2009,3.214999914,3.267499924
8/26/2009,3.204999924,3.262500048
8/27/2009,3.230000019,3.292500019
8/28/2009,3.210000038,3.289999962
8/31/2009,3.262500048,3.297499895
9/1/2009,3.122499943,3.192500114
9/2/2009,3.132499933,3.192500114
9/3/2009,3.109999895,3.157500029
9/4/2009,3.005000114,3.0625
9/8/2009,3.027499914,3.075000048
9/9/2009,3.055000067,3.097500086
9/10/2009,3.095000029,3.152499914
9/11/2009,3.144999981,3.19749999
9/14/2009,3.049999952,3.17750001
9/15/2009,3.464999914,3.464999914
9/16/2009,3.362499952,3.362499952
9/17/2009,3.289999962,3.289999962
9/18/2009,3.180000067,3.180000067
9/21/2009,3.160000086,3.160000086
9/22/2009,3.257499933,3.257499933
9/23/2009,3.30250001,3.30250001
9/24/2009,3.36500001,3.36500001
9/25/2009,3.339999914,3.339999914
9/28/2009,3.387500048,3.387500048
9/29/2009,3.410000086,3.410000086
9/30/2009,3.440000057,3.440000057
10/1/2009,3.404000044,3.404000044
10/2/2009,3.335000038,3.335000038
10/5/2009,3.414999962,3.414999962
10/6/2009,3.582499981,3.582499981
10/7/2009,3.597500086,3.597500086
10/8/2009,3.640000105,3.640000105
10/9/2009,3.622499943,3.622499943
10/12/2009,3.8125,3.8125
10/13/2009,3.817500114,3.817500114
10/14/2009,3.829999924,3.829999924
10/15/2009,3.730000019,3.730000019
10/16/2009,3.720000029,3.720000029
10/19/2009,3.861999989,3.861999989
10/20/2009,3.845000029,3.845000029
10/21/2009,3.982500076,3.982500076
10/22/2009,4.034999847,4.034999847
10/23/2009,3.977499962,3.977499962
10/26/2009,3.779999971,3.779999971
10/27/2009,3.707499981,3.707499981
10/28/2009,3.690000057,3.690000057
10/29/2009,3.795000076,3.795000076
10/30/2009,3.660000086,3.660000086
11/2/2009,3.82249999,3.82249999
11/3/2009,3.900000095,3.900000095
11/4/2009,3.839999914,3.839999914
11/5/2009,3.765000105,3.765000105
11/6/2009,3.670000076,3.670000076
11/9/2009,3.859999895,3.859999895
11/10/2009,3.944999933,3.944999933
11/11/2009,3.940000057,3.940000057
11/12/2009,3.904999971,3.904999971
11/13/2009,3.904999971,3.904999971
11/16/2009,4.022500038,4.022500038
11/17/2009,4.019999981,4.019999981
11/18/2009,3.980000019,3.980000019
11/19/2009,3.950000048,3.950000048
11/20/2009,3.910000086,3.910000086
11/23/2009,3.872499943,3.872499943
11/24/2009,3.75999999,3.75999999
11/25/2009,3.920000076,3.920000076
11/27/2009,3.972500086,3.972500086
11/30/2009,4.027500153,4.027500153
12/1/2009,3.997499943,3.997499943
12/2/2009,3.917500019,3.917500019
12/3/2009,3.852499962,3.852499962
12/4/2009,3.737499952,3.737499952
12/7/2009,3.6875,3.6875
12/8/2009,3.694999933,3.694999933
12/9/2009,3.680000067,3.680000067
12/10/2009,3.772500038,3.772500038
12/11/2009,3.892499924,3.892499924
12/14/2009,3.920000076,3.920000076
12/15/2009,4.074999809,4.380000114
12/16/2009,4.102499962,4.422500134
12/17/2009,3.970000029,4.297500134
12/18/2009,3.977499962,4.302499771
12/21/2009,4,4.320000172
12/22/2009,3.987499952,4.3125
12/23/2009,4.047500134,4.372499943
12/24/2009,4.085000038,4.402500153
12/28/2009,4.159999847,4.457499981
12/29/2009,4.170000076,4.452499866
12/30/2009,4.137499809,4.420000076
12/31/2009,4.144999981,4.40749979
1/4/2010,4.184999943,4.452499866
1/5/2010,4.1875,4.452499866
1/6/2010,4.21750021,4.487500191
1/7/2010,4.175000191,4.434999943
1/8/2010,4.230000019,4.489999771
1/11/2010,4.224999905,4.474999905
1/12/2010,3.924999952,4.175000191
1/13/2010,3.839999914,4.1875
1/14/2010,3.809999943,4.15500021
1/15/2010,3.714999914,4.059999943
1/19/2010,3.692500114,4.039999962
1/20/2010,3.680000067,4.027500153
1/21/2010,3.720000029,4.054999828
1/22/2010,3.647500038,3.972500086
1/25/2010,3.67750001,3.997499943
1/26/2010,3.622499943,3.954999924
1/27/2010,3.582499981,3.917500019
1/28/2010,3.617500067,3.950000048
1/29/2010,3.565000057,3.907500029
2/1/2010,3.589999914,3.944999933
2/2/2010,3.650000095,4.010000229
2/3/2010,3.529999971,3.897500038
2/4/2010,3.539999962,3.897500038
2/5/2010,3.515000105,3.869999886
2/8/2010,3.559999943,3.910000086
2/9/2010,3.585000038,3.934999943
2/10/2010,3.617500067,3.960000038
2/11/2010,3.632499933,3.984999895
2/12/2010,3.61500001,3.972500086
2/16/2010,3.672499895,4.027500153
2/17/2010,3.599999905,3.967499971
2/18/2010,3.57249999,3.952500105
2/19/2010,3.599999905,3.982500076
2/22/2010,3.714999914,4.079999924
2/23/2010,3.67750001,4.03000021
2/24/2010,3.752500057,4.09499979
2/25/2010,3.722500086,4.067500114
2/26/2010,3.779999971,4.130000114
3/1/2010,3.707499981,4.065000057
3/2/2010,3.704999924,4.070000172
3/3/2010,3.757499933,4.130000114
3/4/2010,3.720000029,4.085000038
3/5/2010,3.647500038,4.025000095
3/8/2010,3.644999981,4.03000021
3/9/2010,3.587500095,3.970000029
3/10/2010,3.555000067,3.94749999
3/11/2010,3.555000067,3.952500105
3/12/2010,3.539999962,3.9375
3/15/2010,3.632499933,3.930000067
3/16/2010,3.667500019,3.967499971
3/17/2010,3.74000001,4.039999962
3/18/2010,3.75999999,4.052499771
3/19/2010,3.744999886,4.034999847
3/22/2010,3.707499981,3.992500067
3/23/2010,3.627500057,3.922499895
3/24/2010,3.650000095,3.940000057
3/25/2010,3.549999952,3.847500086
3/26/2010,3.5625,3.855000019
3/29/2010,3.569999933,3.86500001
3/30/2010,3.545000076,3.837500095
3/31/2010,3.450000048,3.762500048
4/1/2010,3.444999933,3.769999981
4/5/2010,3.457499981,3.792500019
4/6/2010,3.464999914,3.797499895
4/7/2010,3.565000057,3.882499933
4/8/2010,3.482500076,3.8125
4/9/2010,3.457499981,3.787499905
4/12/2010,3.482500076,3.807499886
4/13/2010,3.525000095,3.842499971
4/14/2010,3.579999924,3.892499924
4/15/2010,3.632499933,3.942500114
4/16/2010,3.640000105,3.942500114
4/19/2010,3.477499962,3.779999971
4/20/2010,3.555000067,3.852499962
4/21/2010,3.592499971,3.875
4/22/2010,3.622499943,3.877500057
4/23/2010,3.529999971,3.782500029
4/26/2010,3.522500038,3.765000105
4/27/2010,3.474999905,3.690000057
4/28/2010,3.569999933,3.777499914
4/29/2010,3.605000019,3.837500095
4/30/2010,3.662499905,3.922499895
5/3/2010,3.627500057,3.894999981
5/4/2010,3.599999905,3.869999886
5/5/2010,3.647500038,3.892499924
5/6/2010,3.640000105,3.847500086
5/7/2010,3.647500038,3.859999895
5/10/2010,3.630000114,3.86500001
5/11/2010,3.69749999,3.930000067
5/12/2010,3.717499971,3.924999952
5/13/2010,3.664999962,3.890000105
5/14/2010,3.567500114,3.799999952
5/17/2010,3.559999943,3.737499952
5/18/2010,3.597500086,3.785000086
5/19/2010,3.592499971,3.779999971
5/20/2010,3.619999886,3.785000086
5/21/2010,3.690000057,3.852499962
5/24/2010,3.710000038,3.890000105
5/25/2010,3.642499924,3.827500105
5/26/2010,3.714999914,3.907500029
5/27/2010,3.732500076,3.934999943
5/28/2010,3.589999914,3.799999952
6/1/2010,3.539999962,3.752500057
6/2/2010,3.484999895,3.69749999
6/3/2010,3.494999886,3.702500105
6/4/2010,3.400000095,3.595000029
6/7/2010,3.357500076,3.549999952
6/8/2010,3.372499943,3.565000057
6/9/2010,3.382499933,3.585000038
6/10/2010,3.432499886,3.644999981
6/11/2010,3.494999886,3.710000038
6/14/2010,3.537499905,3.75
6/15/2010,3.537499905,3.75
6/16/2010,3.5625,3.772500038
6/17/2010,3.575000048,3.782500029
6/18/2010,3.607500076,3.805000067
6/21/2010,3.549999952,3.747499943
6/22/2010,3.515000105,3.720000029
6/23/2010,3.464999914,3.654999971
6/24/2010,3.44749999,3.644999981
6/25/2010,3.404999971,3.605000019
6/28/2010,3.337500095,3.527499914
6/29/2010,3.25,3.440000057
6/30/2010,3.542500019,3.734999895
7/1/2010,3.654999971,3.845000029
7/2/2010,3.640000105,3.845000029
7/6/2010,3.599999905,3.792500019
7/7/2010,3.707499981,3.892499924
7/8/2010,3.775000095,3.962500095
7/9/2010,3.752500057,3.952500105
7/12/2010,3.712500095,3.917500019
7/13/2010,3.667500019,3.869999886
7/14/2010,3.752500057,3.962500095
7/15/2010,3.924999952,4.052499771
7/16/2010,3.94749999,4.072500229
7/19/2010,3.815000057,3.940000057
7/20/2010,3.74000001,3.875
7/21/2010,3.797499895,3.934999943
7/22/2010,3.765000105,3.902499914
7/23/2010,3.712500095,3.845000029
7/26/2010,3.640000105,3.779999971
7/27/2010,3.627500057,3.769999981
7/28/2010,3.762500048,3.907500029
7/29/2010,3.792500019,3.9375
7/30/2010,3.92750001,4.067500114
8/2/2010,3.904999971,4.045000076
8/3/2010,3.894999981,4.039999962
8/4/2010,4.002500057,4.150000095
8/5/2010,4.034999847,4.179999828
8/6/2010,4.050000191,4.199999809
8/9/2010,4.03000021,4.179999828
8/10/2010,3.934999943,4.090000153
8/11/2010,3.954999924,4.110000134
8/12/2010,4.0625,4.21750021
8/13/2010,4.117499828,4.272500038
8/16/2010,4.072500229,4.227499962
8/17/2010,4.147500038,4.300000191
8/18/2010,4.184999943,4.332499981
8/19/2010,4.142499924,4.292500019
8/20/2010,4.212500095,4.362500191
8/23/2010,4.172500134,4.327499866
8/24/2010,4.052499771,4.204999924
8/25/2010,4.047500134,4.199999809
8/26/2010,4.164999962,4.320000172
8/27/2010,4.210000038,4.360000134
8/30/2010,4.255000114,4.414999962
8/31/2010,4.244999886,4.392499924
9/1/2010,4.322500229,4.46750021
9/2/2010,4.329999924,4.474999905
9/3/2010,4.497499943,4.644999981
9/7/2010,4.514999866,4.662499905
9/8/2010,4.474999905,4.625
9/9/2010,4.5625,4.707499981
9/10/2010,4.639999866,4.78249979
9/13/2010,4.692500114,4.835000038
9/14/2010,4.78000021,4.949999809
9/15/2010,4.952499866,4.952499866
9/16/2010,4.960000038,4.960000038
9/17/2010,5.132500172,5.132500172
9/20/2010,5.082499981,5.082499981
9/21/2010,5.052499771,5.052499771
9/22/2010,5.050000191,5.050000191
9/23/2010,4.992499828,4.992499828
9/24/2010,5.21750021,5.21750021
9/27/2010,5.127500057,5.127500057
9/28/2010,5,5
9/29/2010,5.050000191,5.050000191
9/30/2010,4.957499981,4.957499981
10/1/2010,4.65749979,4.65749979
10/4/2010,4.715000153,4.715000153
10/5/2010,4.909999847,4.909999847
10/6/2010,4.885000229,4.885000229
10/7/2010,4.982500076,4.982500076
10/8/2010,5.28249979,5.28249979
10/11/2010,5.557499886,5.557499886
10/12/2010,5.789999962,5.789999962
10/13/2010,5.692500114,5.692500114
10/14/2010,5.672500134,5.672500134
10/15/2010,5.630000114,5.630000114
10/18/2010,5.572500229,5.572500229
10/19/2010,5.460000038,5.460000038
10/20/2010,5.735000134,5.735000134
10/21/2010,5.642499924,5.642499924
10/22/2010,5.599999905,5.599999905
10/25/2010,5.6875,5.6875
10/26/2010,5.710000038,5.710000038
10/27/2010,5.772500038,5.772500038
10/28/2010,5.789999962,5.789999962
10/29/2010,5.820000172,5.820000172
11/1/2010,5.772500038,5.772500038
11/2/2010,5.757500172,5.757500172
11/3/2010,5.809999943,5.809999943
11/4/2010,5.900000095,5.900000095
11/5/2010,5.877500057,5.877500057
11/8/2010,5.852499962,5.852499962
11/9/2010,5.762499809,5.762499809
11/10/2010,5.667500019,5.667500019
11/11/2010,5.639999866,5.639999866
11/12/2010,5.340000153,5.340000153
11/15/2010,5.554999828,5.554999828
11/16/2010,5.264999866,5.264999866
11/17/2010,5.257500172,5.257500172
11/18/2010,5.417500019,5.417500019
11/19/2010,5.207499981,5.207499981
11/22/2010,5.152500153,5.152500153
11/23/2010,5.284999847,5.284999847
11/24/2010,5.387499809,5.387499809
11/26/2010,5.382500172,5.382500172
11/29/2010,5.382500172,5.382500172
11/30/2010,5.300000191,5.300000191
12/1/2010,5.517499924,5.517499924
12/2/2010,5.40749979,5.40749979
12/3/2010,5.590000153,5.590000153
12/6/2010,5.537499905,5.537499905
12/7/2010,5.472499847,5.472499847
12/8/2010,5.59499979,5.59499979
12/9/2010,5.602499962,5.602499962
12/10/2010,5.602499962,5.602499962
12/13/2010,5.4,5.4
12/14/2010,5.34,5.34
12/15/2010,5.84,5.28
12/16/2010,5.87,5.32
12/17/2010,5.965000153,5.414999962
12/20/2010,5.994999886,5.427499771
12/21/2010,6.022500038,5.457499981
12/22/2010,6.090000153,5.5
12/23/2010,6.139999866,5.512499809
12/27/2010,6.152500153,5.53249979
12/28/2010,6.232500076,5.572500229
12/29/2010,6.239999771,5.559999943
12/30/2010,6.159999847,5.512499809
12/31/2010,6.289999962,5.619999886
1/3/2011,6.204999924,5.525000095
1/4/2011,6.085000038,5.434999943
1/5/2011,6.192500114,5.582499981
1/6/2011,6.019999981,5.5
1/7/2011,5.949999809,5.420000076
1/10/2011,6.070000172,5.480000019
1/11/2011,6.070000172,5.480000019
1/12/2011,6.309999943,5.599999905
1/13/2011,6.425000191,5.704999924
1/14/2011,6.487500191,5.712500095
1/18/2011,6.59499979,5.78000021
1/19/2011,6.412499905,5.682499886
1/20/2011,6.539999962,5.760000229
1/21/2011,6.572500229,5.872499943
1/24/2011,6.552499771,5.872499943
1/25/2011,6.440000057,5.789999962
1/26/2011,6.577499866,5.90749979
1/27/2011,6.507500172,5.827499866
1/28/2011,6.440000057,5.764999866
1/31/2011,6.59499979,5.912499905
2/1/2011,6.659999847,5.960000038
2/2/2011,6.692500114,5.977499962
2/3/2011,6.625,5.885000229
2/4/2011,6.784999847,6.017499924
2/7/2011,6.747499943,6.019999981
2/8/2011,6.737500191,6.045000076
2/9/2011,6.980000019,6.144999981
2/10/2011,6.985000134,6.144999981
2/11/2011,7.065000057,6.182499886
2/14/2011,6.957499981,6.074999809
2/15/2011,6.90500021,5.914999962
2/16/2011,6.90500021,5.920000076
2/17/2011,7.127500057,6.152500153
2/18/2011,7.097499847,6.125
2/22/2011,6.797500134,5.824999809
2/23/2011,6.914999962,5.917500019
2/24/2011,6.857500076,5.829999924
2/25/2011,7.119999886,6.017499924
2/28/2011,7.224999905,6.067500114
3/1/2011,7.272500038,6.047500134
3/2/2011,7.139999866,6.054999828
3/3/2011,7.297500134,6.15749979
3/4/2011,7.212500095,6.09499979
3/7/2011,7.107500076,6.105000019
3/8/2011,6.987500191,6.099999905
3/9/2011,6.949999809,6.102499962
3/10/2011,6.762499809,5.872499943
3/11/2011,6.59250021,5.777500153
3/14/2011,6.639999866,5.78000021
3/15/2011,6.360000134,5.480000019
3/16/2011,6.164999962,5.492499828
3/17/2011,6.465000153,5.792500019
3/18/2011,6.835000038,5.985000134
3/21/2011,6.864999771,6.09499979
3/22/2011,6.867499828,6.122499943
3/23/2011,6.809999943,6.097499847
3/24/2011,7.025000095,6.1875
3/25/2011,6.894999981,6.09499979
3/28/2011,6.710000038,5.96999979
3/29/2011,6.71750021,6.002500057
3/30/2011,6.632500172,5.952499866
3/31/2011,6.932499886,6.252500057
4/1/2011,7.360000134,6.375
4/4/2011,7.602499962,6.454999924
4/5/2011,7.667500019,6.46750021
4/6/2011,7.630000114,6.474999905
4/7/2011,7.590000153,6.442500114
4/8/2011,7.679999828,6.53000021
4/11/2011,7.760000229,6.572500229
4/12/2011,7.525000095,6.364999771
4/13/2011,7.554999828,6.449999809
4/14/2011,7.542500019,6.554999828
4/15/2011,7.420000076,6.559999943
4/18/2011,7.517499924,6.682499886
4/19/2011,7.489999771,6.760000229
4/20/2011,7.327499866,6.554999828
4/21/2011,7.372499943,6.65500021
4/25/2011,7.625,6.815000057
4/26/2011,7.662499905,6.757500172
4/27/2011,7.522500038,6.672500134
4/28/2011,7.230000019,6.375
4/29/2011,7.539999962,6.695000172
5/2/2011,7.307499886,6.612500191
5/3/2011,7.190000057,6.622499943
5/4/2011,7.264999866,6.652500153
5/5/2011,7.050000191,6.557499886
5/6/2011,6.827499866,6.402500153
5/9/2011,7.045000076,6.574999809
5/10/2011,7.059999943,6.527500153
5/11/2011,6.6875,6.260000229
5/12/2011,6.8125,6.304999828
5/13/2011,6.789999962,6.269999981
5/16/2011,6.974999905,6.355000019
5/17/2011,7.202499866,6.53249979
5/18/2011,7.497499943,6.727499962
5/19/2011,7.482500076,6.619999886
5/20/2011,7.59499979,6.664999962
5/23/2011,7.539999962,6.704999924
5/24/2011,7.332499981,6.625
5/25/2011,7.422500134,6.707499981
5/26/2011,7.454999924,6.762499809
5/27/2011,7.585000038,6.840000153
5/31/2011,7.474999905,6.730000019
6/1/2011,7.585000038,6.795000076
6/2/2011,7.664999962,6.949999809
6/3/2011,7.539999962,6.862500191
6/6/2011,7.320000172,6.670000076
6/7/2011,7.364999771,6.764999866
6/8/2011,7.639999866,6.9375
6/9/2011,7.855000019,7.139999866
6/10/2011,7.869999886,7.125
6/13/2011,7.824999809,7.045000076
6/14/2011,7.554999828,6.849999905
6/15/2011,7.257500172,6.659999847
6/16/2011,7.014999866,6.53000021
6/17/2011,7.002500057,6.599999905
6/20/2011,7.005000114,6.605000019
6/21/2011,7.074999809,6.802499771
6/22/2011,6.775000095,6.502500057
6/23/2011,6.804999828,6.460000038
6/24/2011,6.699999809,6.320000172
6/27/2011,6.607500076,6.267499924
6/28/2011,6.829999924,6.53000021
6/29/2011,6.980000019,6.505000114
6/30/2011,6.289999962,6.204999924
7/1/2011,6.40749979,5.96750021
7/5/2011,6.804999828,6.125
7/6/2011,6.487500191,6.085000038
7/7/2011,6.5,6.15500021
7/8/2011,6.722499847,6.369999886
7/11/2011,6.815000057,6.327499866
7/12/2011,6.96999979,6.579999924
7/13/2011,7.267499924,6.797500134
7/14/2011,7.164999962,6.784999847
7/15/2011,7.012499809,6.849999905
7/18/2011,6.962500095,6.769999981
7/19/2011,6.980000019,6.872499943
7/20/2011,6.880000114,6.777500153
7/21/2011,6.792500019,6.730000019
7/22/2011,6.900000095,6.855000019
7/25/2011,6.787499905,6.744999886
7/26/2011,6.897500038,6.867499828
7/27/2011,6.914999962,6.914999962
7/28/2011,6.822500229,6.862500191
7/29/2011,6.65500021,6.6875
8/1/2011,6.8125,6.857500076
8/2/2011,7.112500191,7.15749979
8/3/2011,7.059999943,7.130000114
8/4/2011,6.9375,7.014999866
8/5/2011,6.929999828,7.03000021
8/8/2011,6.752500057,6.860000134
8/9/2011,6.78249979,6.885000229
8/10/2011,6.78000021,6.885000229
8/11/2011,7.025000095,7.139999866
8/12/2011,7.017499924,7.144999981
8/15/2011,7.072500229,7.199999809
8/16/2011,7.139999866,7.275000095
8/17/2011,7.114999771,7.255000114
8/18/2011,6.989999771,7.130000114
8/19/2011,7.110000134,7.252500057
8/22/2011,7.204999924,7.34499979
8/23/2011,7.302499771,7.434999943
8/24/2011,7.317500114,7.429999828
8/25/2011,7.322500229,7.434999943
8/26/2011,7.525000095,7.670000076
8/29/2011,7.5625,7.699999809
8/30/2011,7.635000229,7.752500057
8/31/2011,7.574999809,7.675000191
9/1/2011,7.287499905,7.385000229
9/2/2011,7.502500057,7.599999905
9/6/2011,7.46750021,7.557499886
9/7/2011,7.364999771,7.480000019
9/8/2011,7.232500076,7.340000153
9/9/2011,7.260000229,7.364999771
9/12/2011,7.34250021,7.454999924
9/13/2011,7.09250021,7.230000019
9/14/2011,7.130000114,7.242499828
9/15/2011,7.010000229,7.010000229
9/16/2011,6.920000076,6.920000076
9/19/2011,6.922500134,6.922500134
9/20/2011,6.902500153,6.902500153
9/21/2011,6.857500076,6.857500076
9/22/2011,6.5,6.5
9/23/2011,6.385000229,6.385000229
9/26/2011,6.480000019,6.480000019
9/27/2011,6.522500038,6.522500038
9/28/2011,6.307499886,6.307499886
9/29/2011,6.324999809,6.324999809
9/30/2011,5.925000191,5.925000191
10/3/2011,5.925000191,5.925000191
10/4/2011,5.877500057,5.877500057
10/5/2011,6.054999828,6.054999828
10/6/2011,6.054999828,6.054999828
10/7/2011,6,6
10/10/2011,6.050000191,6.050000191
10/11/2011,6.449999809,6.449999809
10/12/2011,6.40749979,6.40749979
10/13/2011,6.382500172,6.382500172
10/14/2011,6.400000095,6.400000095
10/17/2011,6.40500021,6.40500021
10/18/2011,6.440000057,6.440000057
10/19/2011,6.385000229,6.385000229
10/20/2011,6.494999886,6.494999886
10/21/2011,6.492499828,6.492499828
10/24/2011,6.510000229,6.510000229
10/25/2011,6.507500172,6.507500172
10/26/2011,6.372499943,6.372499943
10/27/2011,6.514999866,6.514999866
10/28/2011,6.550000191,6.550000191
10/31/2011,6.46999979,6.46999979
11/1/2011,6.542500019,6.542500019
11/2/2011,6.449999809,6.449999809
11/3/2011,6.534999847,6.534999847
11/4/2011,6.557499886,6.557499886
11/7/2011,6.53249979,6.53249979
11/8/2011,6.605000019,6.605000019
11/9/2011,6.559999943,6.559999943
11/10/2011,6.454999924,6.454999924
11/11/2011,6.385000229,6.385000229
11/14/2011,6.335000038,6.335000038
11/15/2011,6.454999924,6.454999924
11/16/2011,6.427499771,6.427499771
11/17/2011,6.144999981,6.144999981
11/18/2011,6.102499962,6.102499962
11/21/2011,5.977499962,5.977499962
11/22/2011,5.989999771,5.989999771
11/23/2011,5.887499809,5.887499809
11/25/2011,5.824999809,5.824999809
11/28/2011,5.917500019,5.917500019
11/29/2011,5.980000019,5.980000019
11/30/2011,6.012499809,6.012499809
12/1/2011,5.947500229,5.947500229
12/2/2011,5.864999771,5.864999771
12/5/2011,5.802499771,5.802499771
12/6/2011,5.852499962,5.852499962
12/7/2011,5.822500229,5.822500229
12/8/2011,5.900000095,5.900000095
12/9/2011,5.855000019,5.855000019
12/12/2011,5.855000019,5.855000019
12/13/2011,5.885000229,5.885000229
12/14/2011,5.800000191,5.800000191
12/15/2011,5.789999962,5.432499886
12/16/2011,5.829999924,5.480000019
12/19/2011,6.010000229,5.590000153
12/20/2011,6.070000172,5.635000229
12/21/2011,6.164999962,5.707499981
12/22/2011,6.175000191,5.664999962
12/23/2011,6.195000172,5.690000057
12/27/2011,6.332499981,5.772500038
12/28/2011,6.425000191,5.835000038
12/29/2011,6.380000114,5.820000172
12/30/2011,6.465000153,5.862500191
1/3/2012,6.585000038,5.900000095
1/4/2012,6.585000038,5.897500038
1/5/2012,6.434999943,5.795000076
1/6/2012,6.434999943,5.752500057
1/9/2012,6.519999981,5.835000038
1/10/2012,6.519999981,5.864999771
1/11/2012,6.514999866,5.824999809
1/12/2012,6.114999771,5.610000134
1/13/2012,5.994999886,5.552499771
1/17/2012,6.039999962,5.574999809
1/18/2012,5.934999943,5.487500191
1/19/2012,6.059999943,5.570000172
1/20/2012,6.114999771,5.517499924
1/23/2012,6.199999809,5.5625
1/24/2012,6.302499771,5.625
1/25/2012,6.34499979,5.630000114
1/26/2012,6.34499979,5.659999847
1/27/2012,6.417500019,5.710000038
1/30/2012,6.317500114,5.647500038
1/31/2012,6.389999866,5.695000172
2/1/2012,6.420000076,5.767499924
2/2/2012,6.429999828,5.789999962
2/3/2012,6.445000172,5.815000057
2/6/2012,6.442500114,5.8125
2/7/2012,6.422500134,5.752500057
2/8/2012,6.425000191,5.735000134
2/9/2012,6.369999886,5.679999828
2/10/2012,6.317500114,5.597499847
2/13/2012,6.394999981,5.670000076
2/14/2012,6.335000038,5.642499924
2/15/2012,6.269999981,5.597499847
2/16/2012,6.362500191,5.679999828
2/17/2012,6.417500019,5.682499886
2/21/2012,6.295000076,5.637499809
2/22/2012,6.382500172,5.644999981
2/23/2012,6.394999981,5.587500095
2/24/2012,6.40749979,5.579999924
2/27/2012,6.445000172,5.570000172
2/28/2012,6.534999847,5.635000229
2/29/2012,6.565000057,5.684999943
3/1/2012,6.537499905,5.667500019
3/2/2012,6.590000153,5.699999809
3/5/2012,6.662499905,5.712500095
3/6/2012,6.579999924,5.635000229
3/7/2012,6.4375,5.579999924
3/8/2012,6.449999809,5.572500229
3/9/2012,6.539999962,5.625
3/12/2012,6.715000153,5.684999943
3/13/2012,6.739999771,5.675000191
3/14/2012,6.695000172,5.639999866
3/15/2012,6.690000057,5.722499847
3/16/2012,6.730000019,5.742499828
3/19/2012,6.635000229,5.702499866
3/20/2012,6.474999905,5.602499962
3/21/2012,6.420000076,5.559999943
3/22/2012,6.445000172,5.557499886
3/23/2012,6.465000153,5.574999809
3/26/2012,6.377500057,5.53249979
3/27/2012,6.307499886,5.502500057
3/28/2012,6.202499866,5.362500191
3/29/2012,6.039999962,5.242499828
3/30/2012,6.440000057,5.402500153
4/2/2012,6.550000191,5.449999809
4/3/2012,6.582499981,5.454999924
4/4/2012,6.567500114,5.442500114
4/5/2012,6.582499981,5.502500057
4/9/2012,6.489999771,5.502500057
4/10/2012,6.347499847,5.434999943
4/11/2012,6.360000134,5.46750021
4/12/2012,6.375,5.46750021
4/13/2012,6.292500019,5.369999886
4/16/2012,6.232500076,5.262499809
4/17/2012,6.167500019,5.297500134
4/18/2012,6.017499924,5.287499905
4/19/2012,6.210000038,5.417500019
4/20/2012,6.125,5.367499828
4/23/2012,6.224999905,5.454999924
4/24/2012,6.182499886,5.414999962
4/25/2012,6.110000134,5.380000114
4/26/2012,6.239999771,5.349999905
4/27/2012,6.53000021,5.387499809
4/30/2012,6.602499962,5.432499886
5/1/2012,6.597499847,5.387499809
5/2/2012,6.422500134,5.309999943
5/3/2012,6.507500172,5.295000076
5/4/2012,6.622499943,5.242499828
5/7/2012,6.650000095,5.247499943
5/8/2012,6.659999847,5.28000021
5/9/2012,6.412499905,5.167500019
5/10/2012,6.255000114,5.072500229
5/11/2012,6.079999924,5.052499771
5/14/2012,6.079999924,5.054999828
5/15/2012,5.972499847,5.144999981
5/16/2012,6.199999809,5.262499809
5/17/2012,6.25,5.28249979
5/18/2012,6.355000019,5.369999886
5/21/2012,6.329999924,5.40500021
5/22/2012,5.96999979,5.21999979
5/23/2012,6.034999847,5.230000019
5/24/2012,5.784999847,5.150000095
5/25/2012,5.784999847,5.215000153
5/29/2012,5.625,5.175000191
5/30/2012,5.59499979,5.204999924
5/31/2012,5.552499771,5.21999979
6/1/2012,5.514999866,5.099999905
6/4/2012,5.679999828,5.237500191
6/5/2012,5.675000191,5.077499866
6/6/2012,5.862500191,5.195000172
6/7/2012,5.940000057,5.364999771
6/8/2012,5.980000019,5.440000057
6/11/2012,5.920000076,5.340000153
6/12/2012,5.840000153,5.224999905
6/13/2012,5.925000191,5.105000019
6/14/2012,6.014999866,5.159999847
6/15/2012,5.795000076,5.059999943
6/18/2012,5.994999886,5.340000153
6/19/2012,6.125,5.635000229
6/20/2012,6.117499828,5.664999962
6/21/2012,5.864999771,5.5
6/22/2012,5.909999847,5.539999962
6/25/2012,6.309999943,5.940000057
6/26/2012,6.460000038,6.239999771
6/27/2012,6.494999886,6.329999924
6/28/2012,6.519999981,6.322500229
6/29/2012,6.724999905,6.347499847
7/2/2012,6.925000191,6.557499886
7/3/2012,7.1875,6.744999886
7/5/2012,7.679999828,7.085000038
7/6/2012,7.432499886,6.929999828
7/9/2012,7.752500057,7.300000191
7/10/2012,7.610000134,7.175000191
7/11/2012,7.507500172,7.039999962
7/12/2012,7.712500095,7.322500229
7/13/2012,7.557499886,7.402500153
7/16/2012,7.767499924,7.724999905
7/17/2012,7.795000076,7.712500095
7/18/2012,7.949999809,7.84250021
7/19/2012,8.077500343,7.784999847
7/20/2012,8.244999886,7.957499981
7/23/2012,8.140000343,7.855000019
7/24/2012,7.900000095,7.78249979
7/25/2012,7.945000172,7.880000114
7/26/2012,7.8125,7.762499809
7/27/2012,7.985000134,7.932499886
7/30/2012,8.199999809,8.140000343
7/31/2012,8.06499958,8.052499771
8/1/2012,8.005000114,8.005000114
8/2/2012,7.940000057,7.957499981
8/3/2012,8.100000381,8.074999809
8/6/2012,8.029999733,8.050000191
8/7/2012,7.960000038,8.005000114
8/8/2012,8.107500076,8.164999962
8/9/2012,8.182499886,8.237500191
8/10/2012,8,8.092499733
8/13/2012,7.827499866,7.922500134
8/14/2012,7.797500134,7.889999866
8/15/2012,7.940000057,8.039999962
8/16/2012,7.977499962,8.074999809
8/17/2012,7.985000134,8.072500229
8/20/2012,8.152500153,8.237500191
8/21/2012,8.3125,8.387499809
8/22/2012,8.302499771,8.347499847
8/23/2012,8.087499619,8.147500038
8/24/2012,8.022500038,8.085000038
8/27/2012,7.945000172,8.007499695
8/28/2012,7.894999981,7.954999924
8/29/2012,8.102499962,8.135000229
8/30/2012,8.114999771,8.085000038
8/31/2012,8.027500153,7.997499943
9/4/2012,8.069999695,8.050000191
9/5/2012,7.897500038,7.90749979
9/6/2012,7.972499847,7.985000134
9/7/2012,7.949999809,7.994999886
9/10/2012,7.809999943,7.832499981
9/11/2012,7.822500229,7.777500153
9/12/2012,7.710000038,7.695000172
9/13/2012,7.767499924,7.737500191
9/14/2012,7.775000095,7.820000172
9/17/2012,7.480000019,7.480000019
9/18/2012,7.400000095,7.400000095
9/19/2012,7.565000057,7.565000057
9/20/2012,7.460000038,7.460000038
9/21/2012,7.482500076,7.482500076
9/24/2012,7.447500229,7.447500229
9/25/2012,7.4375,7.4375
9/26/2012,7.247499943,7.247499943
9/27/2012,7.162499905,7.162499905
9/28/2012,7.5625,7.5625
10/1/2012,7.567500114,7.567500114
10/2/2012,7.582499981,7.582499981
10/3/2012,7.567500114,7.567500114
10/4/2012,7.570000172,7.570000172
10/5/2012,7.480000019,7.480000019
10/8/2012,7.420000076,7.420000076
10/9/2012,7.420000076,7.420000076
10/10/2012,7.367499828,7.367499828
10/11/2012,7.732500076,7.732500076
10/12/2012,7.527500153,7.527500153
10/15/2012,7.372499943,7.372499943
10/16/2012,7.382500172,7.382500172
10/17/2012,7.454999924,7.454999924
10/18/2012,7.607500076,7.607500076
10/19/2012,7.614999771,7.614999771
10/22/2012,7.612500191,7.612500191
10/23/2012,7.559999943,7.559999943
10/24/2012,7.545000076,7.545000076
10/25/2012,7.420000076,7.420000076
10/26/2012,7.377500057,7.377500057
10/29/2012,7.369999886,7.369999886
10/30/2012,7.417500019,7.417500019
10/31/2012,7.557499886,7.557499886
11/1/2012,7.510000229,7.510000229
11/2/2012,7.394999981,7.394999981
11/5/2012,7.355000019,7.355000019
11/6/2012,7.409999847,7.409999847
11/7/2012,7.442500114,7.442500114
11/8/2012,7.412499905,7.412499905
11/9/2012,7.387499809,7.387499809
11/12/2012,7.179999828,7.179999828
11/13/2012,7.235000134,7.235000134
11/14/2012,7.257500172,7.257500172
11/15/2012,7.212500095,7.212500095
11/16/2012,7.269999981,7.269999981
11/19/2012,7.387499809,7.387499809
11/20/2012,7.432499886,7.432499886
11/21/2012,7.409999847,7.409999847
11/23/2012,7.454999924,7.454999924
11/26/2012,7.472499847,7.472499847
11/27/2012,7.599999905,7.599999905
11/28/2012,7.602499962,7.602499962
11/29/2012,7.514999866,7.514999866
11/30/2012,7.480000019,7.480000019
12/3/2012,7.489999771,7.489999771
12/4/2012,7.465000153,7.465000153
12/5/2012,7.53249979,7.53249979
12/6/2012,7.477499962,7.477499962
12/7/2012,7.327499866,7.327499866
12/10/2012,7.267499924,7.267499924
12/11/2012,7.242499828,7.242499828
12/12/2012,7.210000038,7.210000038
12/13/2012,7.122499943,7.122499943
12/14/2012,7.1875,7.1875
12/17/2012,7.239999771,6.21999979
12/18/2012,7.199999809,6.230000019
12/19/2012,7.03000021,6.135000229
12/20/2012,6.965000153,6.037499905
12/21/2012,7.019999981,6.067500114
12/24/2012,7.042500019,6.070000172
12/26/2012,6.932499886,5.992499828
12/27/2012,6.914999962,5.960000038
12/28/2012,6.940000057,5.997499943
12/31/2012,6.982500076,5.997499943
1/2/2013,6.90749979,5.922500134
1/3/2013,6.892499924,5.875
1/4/2013,6.802499771,5.71750021
1/7/2013,6.855000019,5.744999886
1/8/2013,6.887499809,5.777500153
1/9/2013,6.942500114,5.817500114
1/10/2013,6.987500191,5.840000153
1/11/2013,7.087500095,5.769999981
1/14/2013,7.239999771,5.840000153
1/15/2013,7.304999828,5.892499924
1/16/2013,7.3125,5.922500134
1/17/2013,7.244999886,5.864999771
1/18/2013,7.275000095,5.90500021
1/22/2013,7.284999847,5.900000095
1/23/2013,7.207499981,5.902500153
1/24/2013,7.242499828,5.855000019
1/25/2013,7.207499981,5.84250021
1/28/2013,7.292500019,5.900000095
1/29/2013,7.295000076,5.869999886
1/30/2013,7.402500153,5.929999828
1/31/2013,7.40500021,5.909999847
2/1/2013,7.360000134,5.920000076
2/4/2013,7.34250021,5.9375
2/5/2013,7.289999962,5.900000095
2/6/2013,7.224999905,5.787499905
2/7/2013,7.107500076,5.664999962
2/8/2013,7.090000153,5.632500172
2/11/2013,7.022500038,5.587500095
2/12/2013,6.962500095,5.630000114
2/13/2013,6.954999924,5.642499924
2/14/2013,6.947500229,5.637499809
2/15/2013,6.987500191,5.630000114
2/19/2013,6.952499866,5.577499866
2/20/2013,7.005000114,5.614999771
2/21/2013,6.90749979,5.539999962
2/22/2013,6.902500153,5.527500153
2/25/2013,6.934999943,5.502500057
2/26/2013,7.050000191,5.5625
2/27/2013,7.09499979,5.537499905
2/28/2013,7.195000172,5.570000172
3/1/2013,7.242499828,5.567500114
3/4/2013,7.230000019,5.502500057
3/5/2013,7.320000172,5.519999981
3/6/2013,7.079999924,5.442500114
3/7/2013,7.114999771,5.417500019
3/8/2013,7.252500057,5.46999979
3/11/2013,7.34499979,5.539999962
3/12/2013,7.409999847,5.572500229
3/13/2013,7.412499905,5.550000191
3/14/2013,7.327499866,5.59250021
3/15/2013,7.170000076,5.617499828
3/18/2013,7.199999809,5.619999886
3/19/2013,7.284999847,5.622499943
3/20/2013,7.324999809,5.670000076
3/21/2013,7.329999924,5.684999943
3/22/2013,7.262499809,5.652500153
3/25/2013,7.332499981,5.71999979
3/26/2013,7.302499771,5.710000038
3/27/2013,7.352499962,5.710000038
3/28/2013,6.952499866,5.385000229
4/1/2013,6.422500134,5.355000019
4/2/2013,6.40500021,5.364999771
4/3/2013,6.414999962,5.394999981
4/4/2013,6.300000191,5.400000095
4/5/2013,6.289999962,5.349999905
4/8/2013,6.335000038,5.320000172
4/9/2013,6.442500114,5.402500153
4/10/2013,6.489999771,5.429999828
4/11/2013,6.512499809,5.440000057
4/12/2013,6.585000038,5.5
4/15/2013,6.46750021,5.322500229
4/16/2013,6.632500172,5.40749979
4/17/2013,6.605000019,5.472499847
4/18/2013,6.445000172,5.412499905
4/19/2013,6.519999981,5.46999979
4/22/2013,6.457499981,5.329999924
4/23/2013,6.385000229,5.227499962
4/24/2013,6.394999981,5.28000021
4/25/2013,6.452499866,5.3125
4/26/2013,6.440000057,5.239999771
4/29/2013,6.840000153,5.59499979
4/30/2013,6.832499981,5.567500114
5/1/2013,6.817500114,5.505000114
5/2/2013,6.974999905,5.590000153
5/3/2013,6.994999886,5.534999847
5/6/2013,6.787499905,5.382500172
5/7/2013,6.764999866,5.392499924
5/8/2013,6.75,5.320000172
5/9/2013,6.945000172,5.414999962
5/10/2013,6.877500057,5.295000076
5/13/2013,7.179999828,5.392499924
5/14/2013,7.067500114,5.380000114
5/15/2013,6.507500172,5.317500114
5/16/2013,6.414999962,5.239999771
5/17/2013,6.527500153,5.195000172
5/20/2013,6.494999886,5.202499866
5/21/2013,6.400000095,5.202499866
5/22/2013,6.585000038,5.304999828
5/23/2013,6.619999886,5.347499847
5/24/2013,6.572500229,5.364999771
5/28/2013,6.664999962,5.510000229
5/29/2013,6.650000095,5.65749979
5/30/2013,6.542500019,5.627500057
5/31/2013,6.619999886,5.672500134
6/3/2013,6.557499886,5.599999905
6/4/2013,6.605000019,5.53000021
6/5/2013,6.607500076,5.422500134
6/6/2013,6.632500172,5.482500076
6/7/2013,6.662499905,5.585000038
6/10/2013,6.5,5.460000038
6/11/2013,6.59499979,5.507500172
6/12/2013,6.507500172,5.375
6/13/2013,6.434999943,5.352499962
6/14/2013,6.550000191,5.329999924
6/17/2013,6.684999943,5.385000229
6/18/2013,6.732500076,5.505000114
6/19/2013,6.822500229,5.704999924
6/20/2013,6.732500076,5.605000019
6/21/2013,6.617499828,5.5625
6/24/2013,6.53249979,5.465000153
6/25/2013,6.567500114,5.445000172
6/26/2013,6.644999981,5.440000057
6/27/2013,6.672500134,5.385000229
6/28/2013,6.792500019,5.110000134
7/1/2013,6.554999828,5.012499809
7/2/2013,6.727499962,5.027500153
7/3/2013,6.78249979,5.027500153
7/5/2013,6.847499847,4.912499905
7/8/2013,6.917500019,5.005000114
7/9/2013,7.039999962,5.21750021
7/10/2013,7.097499847,5.215000153
7/11/2013,7.167500019,5.269999981
7/12/2013,7.014999866,5.09250021
7/15/2013,5.362500191,5.034999847
7/16/2013,5.452499866,5.107500076
7/17/2013,5.385000229,5.019999981
7/18/2013,5.409999847,5.007500172
7/19/2013,5.440000057,5.007500172
7/22/2013,5.40749979,4.980000019
7/23/2013,5.224999905,4.855000019
7/24/2013,5.082499981,4.802499771
7/25/2013,4.960000038,4.787499905
7/26/2013,4.920000076,4.760000229
7/29/2013,4.892499924,4.732500076
7/30/2013,4.954999924,4.775000095
7/31/2013,4.989999771,4.789999962
8/1/2013,4.875,4.670000076
8/2/2013,4.760000229,4.637499809
8/5/2013,4.692500114,4.605000019
8/6/2013,4.722499847,4.59250021
8/7/2013,4.682499886,4.582499981
8/8/2013,4.735000134,4.597499847
8/9/2013,4.65749979,4.53249979
8/12/2013,4.71999979,4.639999866
8/13/2013,4.552499771,4.472499847
8/14/2013,4.647500038,4.552499771
8/15/2013,4.815000057,4.722499847
8/16/2013,4.737500191,4.635000229
8/19/2013,4.932499886,4.855000019
8/20/2013,4.837500095,4.755000114
8/21/2013,4.980000019,4.832499981
8/22/2013,4.875,4.644999981
8/23/2013,4.954999924,4.699999809
8/26/2013,5.15749979,5.005000114
8/27/2013,4.997499943,4.862500191
8/28/2013,5.042500019,4.807499886
8/29/2013,4.972499847,4.815000057
8/30/2013,4.949999809,4.820000172
9/3/2013,4.980000019,4.752500057
9/4/2013,4.940000057,4.695000172
9/5/2013,4.894999981,4.610000134
9/6/2013,4.914999962,4.682499886
9/9/2013,4.772500038,4.635000229
9/10/2013,4.747499943,4.690000057
9/11/2013,4.797500134,4.724999905
9/12/2013,4.789999962,4.662499905
9/13/2013,4.5,4.590000153
9/16/2013,4.565000057,4.565000057
9/17/2013,4.539999962,4.539999962
9/18/2013,4.5625,4.5625
9/19/2013,4.59499979,4.59499979
9/20/2013,4.510000229,4.510000229
9/23/2013,4.53249979,4.53249979
9/24/2013,4.487500191,4.487500191
9/25/2013,4.547500134,4.547500134
9/26/2013,4.567500114,4.567500114
9/27/2013,4.539999962,4.539999962
9/30/2013,4.414999962,4.414999962
10/1/2013,4.389999866,4.389999866
10/2/2013,4.389999866,4.389999866
10/3/2013,4.392499924,4.392499924
10/4/2013,4.432499886,4.432499886
10/7/2013,4.492499828,4.492499828
10/8/2013,4.417500019,4.417500019
10/9/2013,4.434999943,4.434999943
10/10/2013,4.382500172,4.382500172
10/11/2013,4.332499981,4.332499981
10/14/2013,4.369999886,4.369999886
10/15/2013,4.434999943,4.434999943
10/16/2013,4.427499771,4.427499771
10/17/2013,4.429999828,4.429999828
10/18/2013,4.414999962,4.414999962
10/21/2013,4.440000057,4.440000057
10/22/2013,4.382500172,4.382500172
10/23/2013,4.427499771,4.427499771
10/24/2013,4.402500153,4.402500153
10/25/2013,4.400000095,4.400000095
10/28/2013,4.307499886,4.307499886
10/29/2013,4.320000172,4.320000172
10/30/2013,4.302499771,4.302499771
10/31/2013,4.28249979,4.28249979
11/1/2013,4.272500038,4.272500038
11/4/2013,4.262499809,4.262499809
11/5/2013,4.25,4.25
11/6/2013,4.212500095,4.212500095
11/7/2013,4.204999924,4.204999924
11/8/2013,4.267499924,4.267499924
11/11/2013,4.347499847,4.347499847
11/12/2013,4.322500229,4.322500229
11/13/2013,4.297500134,4.297500134
11/14/2013,4.264999866,4.264999866
11/15/2013,4.21999979,4.21999979
11/18/2013,4.119999886,4.119999886
11/19/2013,4.177499771,4.177499771
11/20/2013,4.170000076,4.170000076
11/21/2013,4.230000019,4.230000019
11/22/2013,4.222499847,4.222499847
11/25/2013,4.247499943,4.247499943
11/26/2013,4.184999943,4.184999943
11/27/2013,4.172500134,4.172500134
11/29/2013,4.152500153,4.152500153
12/2/2013,4.164999962,4.164999962
12/3/2013,4.21999979,4.21999979
12/4/2013,4.255000114,4.255000114
12/5/2013,4.227499962,4.227499962
12/6/2013,4.239999771,4.239999771
12/9/2013,4.284999847,4.284999847
12/10/2013,4.275000095,4.275000095
12/11/2013,4.3125,4.3125
12/12/2013,4.28249979,4.28249979
12/13/2013,4.204999924,4.204999924
12/16/2013,4.232500076,4.502500057
12/17/2013,4.267499924,4.542500019
12/18/2013,4.25,4.537499905
12/19/2013,4.304999828,4.577499866
12/20/2013,4.332499981,4.607500076
12/23/2013,4.34250021,4.610000134
12/24/2013,4.34499979,4.612500191
12/26/2013,4.262499809,4.545000076
12/27/2013,4.275000095,4.552499771
12/30/2013,4.235000134,4.510000229
12/31/2013,4.21999979,4.502500057
1/2/2014,4.204999924,4.482500076
1/3/2014,4.235000134,4.519999981
1/6/2014,4.277500153,4.552499771
1/7/2014,4.260000229,4.53249979
1/8/2014,4.170000076,4.460000038
1/9/2014,4.119999886,4.412499905
1/10/2014,4.327499866,4.582499981
1/13/2014,4.34499979,4.585000038
1/14/2014,4.315000057,4.559999943
1/15/2014,4.257500172,4.512499809
1/16/2014,4.28000021,4.522500038
1/17/2014,4.239999771,4.489999771
1/21/2014,4.25,4.46999979
1/22/2014,4.262499809,4.474999905
1/23/2014,4.289999962,4.492499828
1/24/2014,4.295000076,4.494999886
1/27/2014,4.317500114,4.525000095
1/28/2014,4.320000172,4.507500172
1/29/2014,4.275000095,4.46750021
1/30/2014,4.335000038,4.502500057
1/31/2014,4.340000153,4.5
2/3/2014,4.357500076,4.53000021
2/4/2014,4.417500019,4.59250021
2/5/2014,4.432499886,4.570000172
2/6/2014,4.429999828,4.582499981
2/7/2014,4.442500114,4.599999905
2/10/2014,4.429999828,4.582499981
2/11/2014,4.414999962,4.557499886
2/12/2014,4.400000095,4.577499866
2/13/2014,4.40500021,4.5625
2/14/2014,4.452499866,4.597499847
2/18/2014,4.494999886,4.637499809
2/19/2014,4.537499905,4.682499886
2/20/2014,4.557499886,4.6875
2/21/2014,4.53000021,4.642499924
2/24/2014,4.514999866,4.650000095
2/25/2014,4.557499886,4.677499771
2/26/2014,4.554999828,4.664999962
2/27/2014,4.480000019,4.610000134
2/28/2014,4.574999809,4.715000153
3/3/2014,4.639999866,4.764999866
3/4/2014,4.767499924,4.864999771
3/5/2014,4.752500057,4.832499981
3/6/2014,4.857500076,4.892499924
3/7/2014,4.809999943,4.847499847
3/10/2014,4.71999979,4.78000021
3/11/2014,4.78000021,4.8125
3/12/2014,4.84250021,4.862500191
3/13/2014,4.84250021,4.840000153
3/14/2014,4.722499847,4.872499943
3/17/2014,4.789999962,4.820000172
3/18/2014,4.862500191,4.877500057
3/19/2014,4.877500057,4.887499809
3/20/2014,4.784999847,4.807499886
3/21/2014,4.789999962,4.800000191
3/24/2014,4.900000095,4.877500057
3/25/2014,4.864999771,4.862500191
3/26/2014,4.84499979,4.840000153
3/27/2014,4.920000076,4.880000114
3/28/2014,4.920000076,4.872499943
3/31/2014,5.019999981,4.982500076
4/1/2014,5.074999809,5.054999828
4/2/2014,4.957499981,4.96999979
4/3/2014,5,5.014999866
4/4/2014,5.017499924,5.067500114
4/7/2014,4.992499828,5.054999828
4/8/2014,5.070000172,5.130000114
4/9/2014,5.022500038,5.054999828
4/10/2014,5.012499809,5.050000191
4/11/2014,4.985000134,4.992499828
4/14/2014,5.03000021,5.034999847
4/15/2014,5.037499905,5.03249979
4/16/2014,4.974999905,4.989999771
4/17/2014,4.947500229,4.96750021
4/21/2014,4.885000229,4.900000095
4/22/2014,4.962500095,4.957499981
4/23/2014,5.034999847,5.045000076
4/24/2014,5.012499809,5.027500153
4/25/2014,5.070000172,5.0625
4/28/2014,5.077499866,5.070000172
4/29/2014,5.15749979,5.122499943
4/30/2014,5.139999866,5.09250021
5/1/2014,5.03249979,4.994999886
5/2/2014,4.940000057,4.940000057
5/5/2014,5.03249979,5
5/6/2014,5.130000114,5.09499979
5/7/2014,5.102499962,5.09499979
5/8/2014,5.132500172,5.114999771
5/9/2014,5.050000191,4.987500191
5/12/2014,4.974999905,4.920000076
5/13/2014,5.03249979,4.949999809
5/14/2014,4.947500229,4.889999866
5/15/2014,4.84250021,4.804999828
5/16/2014,4.835000038,4.809999943
5/19/2014,4.772500038,4.757500172
5/20/2014,4.735000134,4.71999979
5/21/2014,4.744999886,4.71750021
5/22/2014,4.767499924,4.735000134
5/23/2014,4.78000021,4.752500057
5/27/2014,4.697500229,4.65749979
5/28/2014,4.724999905,4.695000172
5/29/2014,4.695000172,4.630000114
5/30/2014,4.65749979,4.574999809
6/2/2014,4.65500021,4.585000038
6/3/2014,4.582499981,4.542500019
6/4/2014,4.5625,4.534999847
6/5/2014,4.489999771,4.472499847
6/6/2014,4.590000153,4.577499866
6/9/2014,4.510000229,4.5
6/10/2014,4.454999924,4.449999809
6/11/2014,4.409999847,4.417500019
6/12/2014,4.440000057,4.4375
6/13/2014,4.46999979,4.474999905
6/16/2014,4.409999847,4.420000076
6/17/2014,4.387499809,4.394999981
6/18/2014,4.414999962,4.394999981
6/19/2014,4.505000114,4.474999905
6/20/2014,4.53249979,4.519999981
6/23/2014,4.445000172,4.425000191
6/24/2014,4.429999828,4.40749979
6/25/2014,4.409999847,4.400000095
6/26/2014,4.427499771,4.432499886
6/27/2014,4.429999828,4.472499847
6/30/2014,4.242499828,4.252500057
7/1/2014,4.227499962,4.227499962
7/2/2014,4.184999943,4.179999828
7/3/2014,4.170000076,4.152500153
7/7/2014,4.09250021,4.0625
7/8/2014,4.082499981,4.042500019
7/9/2014,4.039999962,3.980000019
7/10/2014,4.005000114,3.92750001
7/11/2014,3.997499943,3.847500086
7/14/2014,3.902499914,3.882499933
7/15/2014,3.74000001,3.817500114
7/16/2014,3.782500029,3.867500067
7/17/2014,3.795000076,3.872499943
7/18/2014,3.712500095,3.785000086
7/21/2014,3.640000105,3.720000029
7/22/2014,3.602499962,3.682499886
7/23/2014,3.625,3.707499981
7/24/2014,3.61500001,3.694999933
7/25/2014,3.630000114,3.717499971
7/28/2014,3.67750001,3.767499924
7/29/2014,3.61500001,3.710000038
7/30/2014,3.617500067,3.714999914
7/31/2014,3.569999933,3.670000076
8/1/2014,3.525000095,3.622499943
8/4/2014,3.587500095,3.692500114
8/5/2014,3.5625,3.672499895
8/6/2014,3.632499933,3.742500067
8/7/2014,3.595000029,3.712500095
8/8/2014,3.517499924,3.63499999
8/11/2014,3.567500114,3.682499886
8/12/2014,3.585000038,3.690000057
8/13/2014,3.579999924,3.69749999
8/14/2014,3.619999886,3.734999895
8/15/2014,3.657500029,3.769999981
8/18/2014,3.607500076,3.714999914
8/19/2014,3.625,3.722500086
8/20/2014,3.595000029,3.674999952
8/21/2014,3.622499943,3.690000057
8/22/2014,3.654999971,3.714999914
8/25/2014,3.599999905,3.674999952
8/26/2014,3.559999943,3.650000095
8/27/2014,3.559999943,3.650000095
8/28/2014,3.617500067,3.692500114
8/29/2014,3.589999914,3.647500038
9/2/2014,3.557499886,3.637500048
9/3/2014,3.412499905,3.519999981
9/4/2014,3.357500076,3.464999914
9/5/2014,3.464999914,3.559999943
9/8/2014,3.392499924,3.482500076
9/9/2014,3.362499952,3.442500114
9/10/2014,3.387500048,3.457499981
9/11/2014,3.317500114,3.410000086
9/12/2014,3.390000105,3.38499999
9/15/2014,3.430000067,3.430000067
9/16/2014,3.4375,3.4375
9/17/2014,3.417500019,3.417500019
9/18/2014,3.382499933,3.382499933
9/19/2014,3.315000057,3.315000057
9/22/2014,3.30250001,3.30250001
9/23/2014,3.255000114,3.255000114
9/24/2014,3.295000076,3.295000076
9/25/2014,3.25999999,3.25999999
9/26/2014,3.230000019,3.230000019
9/29/2014,3.257499933,3.257499933
9/30/2014,3.207499981,3.207499981
10/1/2014,3.212500095,3.212500095
10/2/2014,3.227499962,3.227499962
10/3/2014,3.232500076,3.232500076
10/6/2014,3.325000048,3.325000048
10/7/2014,3.404999971,3.404999971
10/8/2014,3.432499886,3.432499886
10/9/2014,3.44749999,3.44749999
10/10/2014,3.339999914,3.339999914
10/13/2014,3.460000038,3.460000038
10/14/2014,3.569999933,3.569999933
10/15/2014,3.474999905,3.474999905
10/16/2014,3.522500038,3.522500038
10/17/2014,3.480000019,3.480000019
10/20/2014,3.482500076,3.482500076
10/21/2014,3.559999943,3.559999943
10/22/2014,3.529999971,3.529999971
10/23/2014,3.597500086,3.597500086
10/24/2014,3.529999971,3.529999971
10/27/2014,3.630000114,3.630000114
10/28/2014,3.644999981,3.644999981
10/29/2014,3.752500057,3.752500057
10/30/2014,3.74000001,3.74000001
10/31/2014,3.767499924,3.767499924
11/3/2014,3.734999895,3.734999895
11/4/2014,3.644999981,3.644999981
11/5/2014,3.702500105,3.702500105
11/6/2014,3.712500095,3.712500095
11/7/2014,3.674999952,3.674999952
11/10/2014,3.692500114,3.692500114
11/11/2014,3.737499952,3.737499952
11/12/2014,3.777499914,3.777499914
11/13/2014,3.862499952,3.862499952
11/14/2014,3.817500114,3.817500114
11/17/2014,3.775000095,3.775000095
11/18/2014,3.720000029,3.720000029
11/19/2014,3.632499933,3.632499933
11/20/2014,3.732500076,3.732500076
11/21/2014,3.727499962,3.727499962
11/24/2014,3.674999952,3.674999952
11/25/2014,3.742500067,3.742500067
11/26/2014,3.782500029,3.782500029
11/28/2014,3.757499933,3.757499933
12/1/2014,3.755000114,3.755000114
12/2/2014,3.67750001,3.67750001
12/3/2014,3.6875,3.6875
12/4/2014,3.75999999,3.75999999
12/5/2014,3.815000057,3.815000057
12/8/2014,3.775000095,3.775000095
12/9/2014,3.829999924,3.829999924
12/10/2014,3.825000048,3.825000048
12/11/2014,3.900000095,3.900000095
12/12/2014,3.962500095,3.962500095
12/15/2014,4.085000038,4.327499866
12/16/2014,4.059999943,4.307499886
12/17/2014,4.082499981,4.320000172
12/18/2014,4.110000134,4.347499847
12/19/2014,4.105000019,4.349999905
12/22/2014,4.117499828,4.347499847
12/23/2014,4.139999866,4.369999886
12/24/2014,4.077499866,4.322500229
12/26/2014,4.147500038,4.389999866
12/29/2014,4.127500057,4.367499828
12/30/2014,4.065000057,4.307499886
12/31/2014,3.970000029,4.210000038
1/2/2015,3.957499981,4.195000172
1/5/2015,4.059999943,4.289999962
1/6/2015,4.050000191,4.28249979
1/7/2015,3.962500095,4.202499866
1/8/2015,3.942500114,4.172500134
1/9/2015,4.002500057,4.215000153
1/12/2015,4.019999981,4.260000229
1/13/2015,3.857500076,4.119999886
1/14/2015,3.809999943,4.085000038
1/15/2015,3.799999952,4.074999809
1/16/2015,3.869999886,4.147500038
1/20/2015,3.902499914,4.170000076
1/21/2015,3.880000114,4.15500021
1/22/2015,3.837500095,4.132500172
1/23/2015,3.867500067,4.172500134
1/26/2015,3.839999914,4.142499924
1/27/2015,3.8125,4.112500191
1/28/2015,3.732500076,4.042500019
1/29/2015,3.714999914,4.027500153
1/30/2015,3.700000048,4.007500172
2/2/2015,3.69749999,4.010000229
2/3/2015,3.857500076,4.162499905
2/4/2015,3.835000038,4.142499924
2/5/2015,3.852499962,4.159999847
2/6/2015,3.857500076,4.167500019
2/9/2015,3.912499905,4.212500095
2/10/2015,3.880000114,4.184999943
2/11/2015,3.857500076,4.152500153
2/12/2015,3.829999924,4.130000114
2/13/2015,3.872499943,4.175000191
2/17/2015,3.894999981,4.204999924
2/18/2015,3.837500095,4.144999981
2/19/2015,3.897500038,4.197500229
2/20/2015,3.852499962,4.162499905
2/23/2015,3.787499905,4.105000019
2/24/2015,3.775000095,4.097499847
2/25/2015,3.757499933,4.090000153
2/26/2015,3.799999952,4.137499809
2/27/2015,3.845000029,4.175000191
3/2/2015,3.787499905,4.132500172
3/3/2015,3.819999933,4.164999962
3/4/2015,3.815000057,4.137499809
3/5/2015,3.827500105,4.139999866
3/6/2015,3.792500019,4.107500076
3/9/2015,3.832499981,4.127500057
3/10/2015,3.82249999,4.122499943
3/11/2015,3.839999914,4.142499924
3/12/2015,3.82249999,4.117499828
3/13/2015,3.74000001,4.047500134
3/16/2015,3.789999962,4.042500019
3/17/2015,3.710000038,3.967499971
3/18/2015,3.747499943,4
3/19/2015,3.734999895,3.99000001
3/20/2015,3.849999905,4.09250021
3/23/2015,3.902499914,4.142499924
3/24/2015,3.932499886,4.172500134
3/25/2015,3.950000048,4.179999828
3/26/2015,3.912499905,4.147500038
3/27/2015,3.910000086,4.147500038
3/30/2015,3.944999933,4.182499886
3/31/2015,3.762500048,4.007500172
4/1/2015,3.817500114,4.067500114
4/2/2015,3.86500001,4.105000019
4/6/2015,3.849999905,4.097499847
4/7/2015,3.829999924,4.077499866
4/8/2015,3.792500019,4.047500134
4/9/2015,3.779999971,4.034999847
4/10/2015,3.769999981,4.025000095
4/13/2015,3.704999924,3.960000038
4/14/2015,3.734999895,3.99000001
4/15/2015,3.75999999,4.005000114
4/16/2015,3.762500048,4.002500057
4/17/2015,3.797499895,4.03249979
4/20/2015,3.779999971,4.012499809
4/21/2015,3.730000019,3.974999905
4/22/2015,3.724999905,3.974999905
4/23/2015,3.707499981,3.944999933
4/24/2015,3.644999981,3.882499933
4/27/2015,3.607500076,3.832499981
4/28/2015,3.609999895,3.825000048
4/29/2015,3.637500048,3.855000019
4/30/2015,3.625,3.835000038
5/1/2015,3.597500086,3.80250001
5/4/2015,3.587500095,3.777499914
5/5/2015,3.612499952,3.789999962
5/6/2015,3.664999962,3.825000048
5/7/2015,3.577500105,3.769999981
5/8/2015,3.585000038,3.782500029
5/11/2015,3.582499981,3.755000114
5/12/2015,3.569999933,3.75999999
5/13/2015,3.559999943,3.785000086
5/14/2015,3.609999895,3.847500086
5/15/2015,3.654999971,3.827500105
5/18/2015,3.680000067,3.857500076
5/19/2015,3.619999886,3.80250001
5/20/2015,3.599999905,3.772500038
5/21/2015,3.650000095,3.82249999
5/22/2015,3.599999905,3.777499914
5/26/2015,3.549999952,3.732500076
5/27/2015,3.494999886,3.667500019
5/28/2015,3.535000086,3.700000048
5/29/2015,3.515000105,3.680000067
6/1/2015,3.522500038,3.690000057
6/2/2015,3.589999914,3.75999999
6/3/2015,3.589999914,3.767499924
6/4/2015,3.63499999,3.809999943
6/5/2015,3.605000019,3.779999971
6/8/2015,3.652499914,3.835000038
6/9/2015,3.650000095,3.829999924
6/10/2015,3.57249999,3.752500057
6/11/2015,3.565000057,3.742500067
6/12/2015,3.529999971,3.694999933
6/15/2015,3.482500076,3.63499999
6/16/2015,3.539999962,3.700000048
6/17/2015,3.592499971,3.75
6/18/2015,3.579999924,3.732500076
6/19/2015,3.532500029,3.6875
6/22/2015,3.599999905,3.734999895
6/23/2015,3.674999952,3.8125
6/24/2015,3.664999962,3.805000067
6/25/2015,3.765000105,3.922499895
6/26/2015,3.849999905,4.019999981
6/29/2015,3.832499981,4.022500038
6/30/2015,4.139999866,4.315000057
7/1/2015,4.137499809,4.317500114
7/2/2015,4.197500229,4.372499943
7/6/2015,4.184999943,4.349999905
7/7/2015,4.15749979,4.329999924
7/8/2015,4.162499905,4.34250021
7/9/2015,4.212500095,4.389999866
7/10/2015,4.272500038,4.449999809
7/13/2015,4.335000038,4.517499924
7/14/2015,4.239999771,4.387499809
7/15/2015,4.295000076,4.402500153
7/16/2015,4.300000191,4.409999847
7/17/2015,4.202499866,4.3125
7/20/2015,4.050000191,4.159999847
7/21/2015,4.065000057,4.175000191
7/22/2015,4.027500153,4.135000229
7/23/2015,4.03249979,4.137499809
7/24/2015,3.924999952,4.027500153
7/27/2015,3.730000019,3.835000038
7/28/2015,3.75,3.855000019
7/29/2015,3.67750001,3.782500029
7/30/2015,3.732500076,3.837500095
7/31/2015,3.710000038,3.8125
8/3/2015,3.664999962,3.765000105
8/4/2015,3.6875,3.787499905
8/5/2015,3.727499962,3.832499981
8/6/2015,3.69749999,3.805000067
8/7/2015,3.727499962,3.837500095
8/10/2015,3.902499914,4.010000229
8/11/2015,3.765000105,3.875
8/12/2015,3.57249999,3.680000067
8/13/2015,3.637500048,3.752500057
8/14/2015,3.640000105,3.755000114
8/17/2015,3.632499933,3.744999886
8/18/2015,3.662499905,3.772500038
8/19/2015,3.672499895,3.785000086
8/20/2015,3.710000038,3.825000048
8/21/2015,3.652499914,3.772500038
8/24/2015,3.6875,3.805000067
8/25/2015,3.654999971,3.769999981
8/26/2015,3.617500067,3.732500076
8/27/2015,3.637500048,3.75
8/28/2015,3.632499933,3.75
8/31/2015,3.637500048,3.752500057
9/1/2015,3.559999943,3.690000057
9/2/2015,3.539999962,3.674999952
9/3/2015,3.477499962,3.61500001
9/4/2015,3.494999886,3.630000114
9/8/2015,3.549999952,3.682499886
9/9/2015,3.565000057,3.690000057
9/10/2015,3.617500067,3.742500067
9/11/2015,3.744999886,3.869999886
9/14/2015,3.789999962,3.934999943
9/15/2015,3.904999971,3.904999971
9/16/2015,3.859999895,3.859999895
9/17/2015,3.797499895,3.797499895
9/18/2015,3.772500038,3.772500038
9/21/2015,3.845000029,3.845000029
9/22/2015,3.805000067,3.805000067
9/23/2015,3.832499981,3.832499981
9/24/2015,3.815000057,3.815000057
9/25/2015,3.890000105,3.890000105
9/28/2015,3.867500067,3.867500067
9/29/2015,3.890000105,3.890000105
9/30/2015,3.877500057,3.877500057
10/1/2015,3.887500048,3.887500048
10/2/2015,3.892499924,3.892499924
10/5/2015,3.934999943,3.934999943
10/6/2015,3.982500076,3.982500076
10/7/2015,3.957499981,3.957499981
10/8/2015,3.912499905,3.912499905
10/9/2015,3.827500105,3.827500105
10/12/2015,3.807499886,3.807499886
10/13/2015,3.845000029,3.845000029
10/14/2015,3.789999962,3.789999962
10/15/2015,3.755000114,3.755000114
10/16/2015,3.767499924,3.767499924
10/19/2015,3.730000019,3.730000019
10/20/2015,3.767499924,3.767499924
10/21/2015,3.807499886,3.807499886
10/22/2015,3.782500029,3.782500029
10/23/2015,3.797499895,3.797499895
10/26/2015,3.845000029,3.845000029
10/27/2015,3.799999952,3.799999952
10/28/2015,3.75999999,3.75999999
10/29/2015,3.799999952,3.799999952
10/30/2015,3.82249999,3.82249999
11/2/2015,3.765000105,3.765000105
11/3/2015,3.805000067,3.805000067
11/4/2015,3.805000067,3.805000067
11/5/2015,3.744999886,3.744999886
11/6/2015,3.730000019,3.730000019
11/9/2015,3.667500019,3.667500019
11/10/2015,3.589999914,3.589999914
11/11/2015,3.622499943,3.622499943
11/12/2015,3.619999886,3.619999886
11/13/2015,3.582499981,3.582499981
11/16/2015,3.599999905,3.599999905
11/17/2015,3.619999886,3.619999886
11/18/2015,3.617500067,3.617500067
11/19/2015,3.642499924,3.642499924
11/20/2015,3.632499933,3.632499933
11/23/2015,3.672499895,3.672499895
11/24/2015,3.642499924,3.642499924
11/25/2015,3.660000086,3.660000086
11/27/2015,3.592499971,3.592499971
11/30/2015,3.650000095,3.650000095
12/1/2015,3.670000076,3.670000076
12/2/2015,3.640000105,3.640000105
12/3/2015,3.702500105,3.702500105
12/4/2015,3.762500048,3.762500048
12/7/2015,3.684999943,3.684999943
12/8/2015,3.700000048,3.700000048
12/9/2015,3.717499971,3.717499971
12/10/2015,3.772500038,3.772500038
12/11/2015,3.730000019,3.730000019
12/14/2015,3.817500114,3.817500114
12/15/2015,3.772500038,3.977499962
12/16/2015,3.69749999,3.912499905
12/17/2015,3.742500067,3.964999914
12/18/2015,3.744999886,3.970000029
12/21/2015,3.720000029,3.950000048
12/22/2015,3.662499905,3.904999971
12/23/2015,3.654999971,3.900000095
12/24/2015,3.644999981,3.890000105
12/28/2015,3.609999895,3.857500076
12/29/2015,3.625,3.867500067
12/30/2015,3.589999914,3.832499981
12/31/2015,3.587500095,3.829999924
1/4/2016,3.515000105,3.769999981
1/5/2016,3.529999971,3.777499914
1/6/2016,3.532500029,3.782500029
1/7/2016,3.529999971,3.787499905
1/8/2016,3.569999933,3.829999924
1/11/2016,3.517499924,3.785000086
1/12/2016,3.567500114,3.827500105
1/13/2016,3.579999924,3.829999924
1/14/2016,3.579999924,3.819999933
1/15/2016,3.632499933,3.852499962
1/19/2016,3.67750001,3.894999981
1/20/2016,3.6875,3.904999971
1/21/2016,3.670000076,3.892499924
1/22/2016,3.702500105,3.920000076
1/25/2016,3.69749999,3.924999952
1/26/2016,3.692500114,3.914999962
1/27/2016,3.692500114,3.904999971
1/28/2016,3.654999971,3.875
1/29/2016,3.720000029,3.932499886
2/1/2016,3.712500095,3.920000076
2/2/2016,3.724999905,3.940000057
2/3/2016,3.710000038,3.930000067
2/4/2016,3.684999943,3.912499905
2/5/2016,3.657500029,3.892499924
2/8/2016,3.622499943,3.855000019
2/9/2016,3.609999895,3.839999914
2/10/2016,3.602499962,3.835000038
2/11/2016,3.602499962,3.827500105
2/12/2016,3.587500095,3.817500114
2/16/2016,3.630000114,3.857500076
2/17/2016,3.672499895,3.890000105
2/18/2016,3.654999971,3.86500001
2/19/2016,3.654999971,3.86500001
2/22/2016,3.674999952,3.902499914
2/23/2016,3.619999886,3.859999895
2/24/2016,3.597500086,3.837500095
2/25/2016,3.555000067,3.797499895
2/26/2016,3.545000076,3.782500029
2/29/2016,3.535000086,3.757499933
3/1/2016,3.537499905,3.737499952
3/2/2016,3.545000076,3.744999886
3/3/2016,3.537499905,3.755000114
3/4/2016,3.545000076,3.779999971
3/7/2016,3.549999952,3.795000076
3/8/2016,3.587500095,3.805000067
3/9/2016,3.589999914,3.792500019
3/10/2016,3.625,3.809999943
3/11/2016,3.660000086,3.827500105
3/14/2016,3.667500019,3.869999886
3/15/2016,3.684999943,3.872499943
3/16/2016,3.682499886,3.86500001
3/17/2016,3.684999943,3.872499943
3/18/2016,3.670000076,3.855000019
3/21/2016,3.694999933,3.877500057
3/22/2016,3.700000048,3.877500057
3/23/2016,3.684999943,3.859999895
3/24/2016,3.700000048,3.872499943
3/28/2016,3.704999924,3.875
3/29/2016,3.730000019,3.894999981
3/30/2016,3.670000076,3.839999914
3/31/2016,3.515000105,3.6875
4/1/2016,3.539999962,3.69749999
4/4/2016,3.545000076,3.690000057
4/5/2016,3.567500114,3.710000038
4/6/2016,3.579999924,3.714999914
4/7/2016,3.61500001,3.742500067
4/8/2016,3.622499943,3.75
4/11/2016,3.567500114,3.6875
4/12/2016,3.627500057,3.742500067
4/13/2016,3.734999895,3.839999914
4/14/2016,3.74000001,3.855000019
4/15/2016,3.785000086,3.882499933
4/18/2016,3.809999943,3.902499914
4/19/2016,3.845000029,3.964999914
4/20/2016,3.94749999,4.027500153
4/21/2016,3.845000029,3.934999943
4/22/2016,3.717499971,3.809999943
4/25/2016,3.769999981,3.877500057
4/26/2016,3.82249999,3.944999933
4/27/2016,3.807499886,3.904999971
4/28/2016,3.869999886,3.944999933
4/29/2016,3.902499914,3.952500105
5/2/2016,3.902499914,3.964999914
5/3/2016,3.782500029,3.869999886
5/4/2016,3.732500076,3.849999905
5/5/2016,3.717499971,3.815000057
5/6/2016,3.75999999,3.847500086
5/9/2016,3.67750001,3.769999981
5/10/2016,3.785000086,3.877500057
5/11/2016,3.74000001,3.855000019
5/12/2016,3.852499962,3.962500095
5/13/2016,3.819999933,3.982500076
5/16/2016,3.940000057,4
5/17/2016,3.970000029,4.037499905
5/18/2016,3.994999886,4.059999943
5/19/2016,3.900000095,3.972500086
5/20/2016,3.944999933,3.997499943
5/23/2016,3.977499962,4.027500153
5/24/2016,3.974999905,4.027500153
5/25/2016,4.047500134,4.085000038
5/26/2016,4.082499981,4.097499847
5/27/2016,4.127500057,4.135000229
5/31/2016,4.047500134,4.085000038
6/1/2016,4.137499809,4.162499905
6/2/2016,4.152500153,4.167500019
6/3/2016,4.182499886,4.197500229
6/6/2016,4.272500038,4.300000191
6/7/2016,4.277500153,4.332499981
6/8/2016,4.3125,4.369999886
6/9/2016,4.264999866,4.335000038
6/10/2016,4.230000019,4.307499886
6/13/2016,4.300000191,4.400000095
6/14/2016,4.364999771,4.465000153
6/15/2016,4.289999962,4.394999981
6/16/2016,4.252500057,4.357500076
6/17/2016,4.377500057,4.487500191
6/20/2016,4.212500095,4.337500095
6/21/2016,3.962500095,4.087500095
6/22/2016,3.930000067,4.039999962
6/23/2016,3.872499943,3.977499962
6/24/2016,3.845000029,3.942500114
6/27/2016,3.852499962,3.942500114
6/28/2016,3.852499962,3.942500114
6/29/2016,3.727499962,3.829999924
6/30/2016,3.587500095,3.712500095
7/1/2016,3.529999971,3.670000076
7/5/2016,3.440000057,3.579999924
7/6/2016,3.357500076,3.482500076
7/7/2016,3.355000019,3.484999895
7/8/2016,3.497499943,3.625
7/11/2016,3.4375,3.555000067
7/12/2016,3.497499943,3.602499962
7/13/2016,3.657500029,3.69749999
7/14/2016,3.622499943,3.647500038
7/15/2016,3.522500038,3.582499981
7/18/2016,3.569999933,3.632499933
7/19/2016,3.417500019,3.484999895
7/20/2016,3.375,3.442500114
7/21/2016,3.342499971,3.407500029
7/22/2016,3.349999905,3.417500019
7/25/2016,3.347500086,3.412499905
7/26/2016,3.325000048,3.394999981
7/27/2016,3.357500076,3.430000067
7/28/2016,3.3125,3.387500048
7/29/2016,3.345000029,3.42750001
8/1/2016,3.257499933,3.342499971
8/2/2016,3.242500067,3.339999914
8/3/2016,3.25,3.349999905
8/4/2016,3.207499981,3.309999943
8/5/2016,3.242500067,3.342499971
8/8/2016,3.252500057,3.347500086
8/9/2016,3.222500086,3.325000048
8/10/2016,3.224999905,3.329999924
8/11/2016,3.210000038,3.317500114
8/12/2016,3.222500086,3.329999924
8/15/2016,3.265000105,3.369999886
8/16/2016,3.275000095,3.372499943
8/17/2016,3.30250001,3.397500038
8/18/2016,3.319999933,3.420000076
8/19/2016,3.342499971,3.4375
8/22/2016,3.332499981,3.424999952
8/23/2016,3.285000086,3.372499943
8/24/2016,3.275000095,3.362499952
8/25/2016,3.234999895,3.319999933
8/26/2016,3.162499905,3.25
8/29/2016,3.117500067,3.207499981
8/30/2016,3.039999962,3.157500029
8/31/2016,3.015000105,3.154999971
9/1/2016,3.109999895,3.237499952
9/2/2016,3.164999962,3.285000086
9/6/2016,3.167500019,3.285000086
9/7/2016,3.210000038,3.332499981
9/8/2016,3.269999981,3.38499999
9/9/2016,3.299999952,3.410000086
9/12/2016,3.292500019,3.394999981
9/13/2016,3.192500114,3.299999952
9/14/2016,3.222500086,3.317500114
9/15/2016,3.299999952,3.299999952
9/16/2016,3.369999886,3.369999886
9/19/2016,3.372499943,3.372499943
9/20/2016,3.404999971,3.404999971
9/21/2016,3.400000095,3.400000095
9/22/2016,3.367500067,3.367500067
9/23/2016,3.36500001,3.36500001
9/26/2016,3.289999962,3.289999962
9/27/2016,3.317500114,3.317500114
9/28/2016,3.292500019,3.292500019
9/29/2016,3.292500019,3.292500019
9/30/2016,3.367500067,3.367500067
10/3/2016,3.460000038,3.460000038
10/4/2016,3.482500076,3.482500076
10/5/2016,3.477499962,3.477499962
10/6/2016,3.404999971,3.404999971
10/7/2016,3.397500038,3.397500038
10/10/2016,3.432499886,3.432499886
10/11/2016,3.454999924,3.454999924
10/12/2016,3.369999886,3.369999886
10/13/2016,3.494999886,3.494999886
10/14/2016,3.542500019,3.542500019
10/17/2016,3.539999962,3.539999962
10/18/2016,3.537499905,3.537499905
10/19/2016,3.575000048,3.575000048
10/20/2016,3.50999999,3.50999999
10/21/2016,3.525000095,3.525000095
10/24/2016,3.482500076,3.482500076
10/25/2016,3.492500067,3.492500067
10/26/2016,3.539999962,3.539999962
10/27/2016,3.575000048,3.575000048
10/28/2016,3.549999952,3.549999952
10/31/2016,3.547499895,3.547499895
11/1/2016,3.49000001,3.49000001
11/2/2016,3.462500095,3.462500095
11/3/2016,3.480000019,3.480000019
11/4/2016,3.487499952,3.487499952
11/7/2016,3.462500095,3.462500095
11/8/2016,3.542500019,3.542500019
11/9/2016,3.407500029,3.407500029
11/10/2016,3.434999943,3.434999943
11/11/2016,3.402499914,3.402499914
11/14/2016,3.372499943,3.372499943
11/15/2016,3.414999962,3.414999962
11/16/2016,3.38499999,3.38499999
11/17/2016,3.420000076,3.420000076
11/18/2016,3.454999924,3.454999924
11/21/2016,3.497499943,3.497499943
11/22/2016,3.50999999,3.50999999
11/23/2016,3.507499933,3.507499933
11/25/2016,3.492500067,3.492500067
11/28/2016,3.484999895,3.484999895
11/29/2016,3.367500067,3.367500067
11/30/2016,3.367500067,3.367500067
12/1/2016,3.317500114,3.317500114
12/2/2016,3.375,3.375
12/5/2016,3.494999886,3.494999886
12/6/2016,3.50999999,3.50999999
12/7/2016,3.505000114,3.505000114
12/8/2016,3.464999914,3.464999914
12/9/2016,3.525000095,3.525000095
12/12/2016,3.545000076,3.545000076
12/13/2016,3.5625,3.5625
12/14/2016,3.517499924,3.517499924
12/15/2016,3.565000057,3.859999895
12/16/2016,3.5625,3.86500001
12/19/2016,3.532500029,3.842499971
12/20/2016,3.502500057,3.817500114
12/21/2016,3.472500086,3.782500029
12/22/2016,3.472500086,3.777499914
12/23/2016,3.457499981,3.762500048
12/27/2016,3.549999952,3.842499971
12/28/2016,3.482500076,3.782500029
12/29/2016,3.497499943,3.792500019
12/30/2016,3.519999981,3.799999952
1/3/2017,3.557499886,3.835000038
1/4/2017,3.597500086,3.867500067
1/5/2017,3.612499952,3.88499999
1/6/2017,3.579999924,3.855000019
1/9/2017,3.599999905,3.875
1/10/2017,3.582499981,3.86500001
1/11/2017,3.57249999,3.857500076
1/12/2017,3.582499981,3.859999895
1/13/2017,3.585000038,3.862499952
1/17/2017,3.654999971,3.924999952
1/18/2017,3.650000095,3.917500019
1/19/2017,3.662499905,3.934999943
1/20/2017,3.69749999,3.957499981
1/23/2017,3.694999933,3.960000038
1/24/2017,3.632499933,3.910000086
1/25/2017,3.662499905,3.9375
1/26/2017,3.637500048,3.907500029
1/27/2017,3.625,3.892499924
1/30/2017,3.577500105,3.855000019
1/31/2017,3.597500086,3.872499943
2/1/2017,3.682499886,3.962500095
2/2/2017,3.674999952,3.944999933
2/3/2017,3.652499914,3.92750001
2/6/2017,3.637500048,3.920000076
2/7/2017,3.684999943,3.962500095
2/8/2017,3.707499981,3.974999905
2/9/2017,3.694999933,3.957499981
2/10/2017,3.744999886,3.992500067
2/13/2017,3.755000114,3.994999886
2/14/2017,3.742500067,3.994999886
2/15/2017,3.787499905,4.027500153
2/16/2017,3.734999895,3.99000001
2/17/2017,3.682499886,3.942500114
2/21/2017,3.692500114,3.957499981
2/22/2017,3.710000038,3.972500086
2/23/2017,3.654999971,3.917500019
2/24/2017,3.640000105,3.910000086
2/27/2017,3.602499962,3.887500048
2/28/2017,3.667500019,3.9375
3/1/2017,3.757499933,4.012499809
3/2/2017,3.727499962,3.984999895
3/3/2017,3.747499943,3.992500067
3/6/2017,3.727499962,3.980000019
3/7/2017,3.694999933,3.960000038
3/8/2017,3.652499914,3.92750001
3/9/2017,3.597500086,3.882499933
3/10/2017,3.579999924,3.86500001
3/13/2017,3.545000076,3.835000038
3/14/2017,3.537499905,3.842499971
3/15/2017,3.63499999,3.849999905
3/16/2017,3.660000086,3.875
3/17/2017,3.674999952,3.897500038
3/20/2017,3.63499999,3.862499952
3/21/2017,3.612499952,3.845000029
3/22/2017,3.587500095,3.819999933
3/23/2017,3.567500114,3.799999952
3/24/2017,3.5625,3.795000076
3/27/2017,3.557499886,3.799999952
3/28/2017,3.577500105,3.817500114
3/29/2017,3.585000038,3.819999933
3/30/2017,3.575000048,3.809999943
3/31/2017,3.642499924,3.882499933
4/3/2017,3.67750001,3.920000076
4/4/2017,3.630000114,3.877500057
4/5/2017,3.647500038,3.892499924
4/6/2017,3.607500076,3.859999895
4/7/2017,3.595000029,3.845000029
4/10/2017,3.670000076,3.910000086
4/11/2017,3.664999962,3.904999971
4/12/2017,3.690000057,3.924999952
4/13/2017,3.710000038,3.944999933
4/17/2017,3.664999962,3.902499914
4/18/2017,3.617500067,3.862499952
4/19/2017,3.617500067,3.86500001
4/20/2017,3.577500105,3.825000048
4/21/2017,3.569999933,3.819999933
4/24/2017,3.592499971,3.835000038
4/25/2017,3.650000095,3.890000105
4/26/2017,3.589999914,3.842499971
4/27/2017,3.619999886,3.867500067
4/28/2017,3.579999924,3.849999905
5/1/2017,3.692500114,3.944999933
5/2/2017,3.640000105,3.900000095
5/3/2017,3.662499905,3.922499895
5/4/2017,3.579999924,3.845000029
5/5/2017,3.617500067,3.88499999
5/8/2017,3.567500114,3.842499971
5/9/2017,3.582499981,3.849999905
5/10/2017,3.652499914,3.914999962
5/11/2017,3.605000019,3.872499943
5/12/2017,3.617500067,3.887500048
5/15/2017,3.67750001,3.852499962
5/16/2017,3.67750001,3.855000019
5/17/2017,3.714999914,3.890000105
5/18/2017,3.660000086,3.839999914
5/19/2017,3.724999905,3.902499914
5/22/2017,3.75,3.92750001
5/23/2017,3.694999933,3.877500057
5/24/2017,3.712500095,3.897500038
5/25/2017,3.692500114,3.875
5/26/2017,3.742500067,3.924999952
5/30/2017,3.670000076,3.857500076
5/31/2017,3.720000029,3.910000086
6/1/2017,3.704999924,3.892499924
6/2/2017,3.727499962,3.910000086
6/5/2017,3.730000019,3.920000076
6/6/2017,3.772500038,3.957499981
6/7/2017,3.847500086,4.025000095
6/8/2017,3.857500076,4.037499905
6/9/2017,3.877500057,4.059999943
6/12/2017,3.772500038,3.954999924
6/13/2017,3.809999943,3.99000001
6/14/2017,3.769999981,3.954999924
6/15/2017,3.795000076,3.977499962
6/16/2017,3.839999914,4.019999981
6/19/2017,3.752500057,3.932499886
6/20/2017,3.700000048,3.880000114
6/21/2017,3.6875,3.867500067
6/22/2017,3.627500057,3.807499886
6/23/2017,3.577500105,3.752500057
6/26/2017,3.589999914,3.769999981
6/27/2017,3.592499971,3.775000095
6/28/2017,3.567500114,3.762500048
6/29/2017,3.597500086,3.799999952
6/30/2017,3.704999924,3.920000076
7/3/2017,3.779999971,3.992500067
7/5/2017,3.817500114,4.039999962
7/6/2017,3.80250001,4.027500153
7/7/2017,3.82249999,4.047500134
7/10/2017,3.917500019,4.147500038
7/11/2017,3.922499895,4.142499924
7/12/2017,3.762500048,3.987499952
7/13/2017,3.609999895,3.829999924
7/14/2017,3.652499914,3.894999981
7/17/2017,3.75,3.880000114
7/18/2017,3.769999981,3.907500029
7/19/2017,3.825000048,3.962500095
7/20/2017,3.910000086,4.047500134
7/21/2017,3.797499895,3.934999943
7/24/2017,3.772500038,3.907500029
7/25/2017,3.6875,3.82249999
7/26/2017,3.727499962,3.859999895
7/27/2017,3.742500067,3.877500057
7/28/2017,3.742500067,3.880000114
7/31/2017,3.707499981,3.847500086
8/1/2017,3.625,3.765000105
8/2/2017,3.650000095,3.789999962
8/3/2017,3.63499999,3.777499914
8/4/2017,3.664999962,3.809999943
8/7/2017,3.722500086,3.867500067
8/8/2017,3.69749999,3.837500095
8/9/2017,3.722500086,3.862499952
8/10/2017,3.57249999,3.710000038
8/11/2017,3.607500076,3.747499943
8/14/2017,3.627500057,3.762500048
8/15/2017,3.55250001,3.684999943
8/16/2017,3.525000095,3.664999962
8/17/2017,3.505000114,3.642499924
8/18/2017,3.519999981,3.657500029
8/21/2017,3.49000001,3.630000114
8/22/2017,3.460000038,3.599999905
8/23/2017,3.420000076,3.557499886
8/24/2017,3.420000076,3.5625
8/25/2017,3.387500048,3.535000086
8/28/2017,3.359999895,3.50999999
8/29/2017,3.335000038,3.487499952
8/30/2017,3.295000076,3.454999924
8/31/2017,3.422499895,3.577500105
9/1/2017,3.400000095,3.55250001
9/5/2017,3.442500114,3.585000038
9/6/2017,3.470000029,3.609999895
9/7/2017,3.417500019,3.55250001
9/8/2017,3.442500114,3.567500114
9/11/2017,3.454999924,3.575000048
9/12/2017,3.400000095,3.515000105
