Date,NearbyOC,NovNC
1/2/2008,12.325,11.48
1/3/2008,12.515,11.615
1/4/2008,12.49,11.608
1/7/2008,12.36,11.675
1/8/2008,12.565,11.81
1/9/2008,12.49,11.84
1/10/2008,12.44,11.95
1/11/2008,12.86,12.45
1/14/2008,12.97,12.63
1/15/2008,13.015,12.85
1/16/2008,12.77,12.74
1/17/2008,12.71,12.7
1/18/2008,12.64,12.553
1/22/2008,12.395,12.175
1/23/2008,11.895,11.675
1/24/2008,12.305,12.15
1/25/2008,12.43,12.32
1/28/2008,12.538,12.288
1/29/2008,12.668,12.228
1/30/2008,12.758,12.293
1/31/2008,12.745,12.455
2/1/2008,12.873,12.54
2/4/2008,13.26,12.945
2/5/2008,13.23,12.9
2/6/2008,13.185,12.795
2/7/2008,13.315,12.81
2/8/2008,13.39,12.85
2/11/2008,13.26,12.82
2/12/2008,13.21,12.71
2/13/2008,13.285,12.71
2/14/2008,13.68,13.055
2/15/2008,13.738,13.175
2/19/2008,13.985,13.605
2/20/2008,13.978,13.66
2/21/2008,14.058,13.785
2/22/2008,14.2,13.905
2/25/2008,14.52,14.17
2/26/2008,14.668,14.27
2/27/2008,14.59,14.07
2/28/2008,14.985,14.24
2/29/2008,15.22,14.26
3/3/2008,15.445,14.475
3/4/2008,14.94,13.988
3/5/2008,14.905,13.915
3/6/2008,14.43,13.615
3/7/2008,13.41,13.115
3/10/2008,13.88,13
3/11/2008,13.925,13.153
3/12/2008,13.79,13.173
3/13/2008,13.87,13.205
3/14/2008,13.4,12.79
3/17/2008,13.028,12.29
3/18/2008,13.07,12.4
3/19/2008,12.57,11.9
3/20/2008,12.07,11.4
3/24/2008,12.57,11.89
3/25/2008,13.07,12.39
3/26/2008,13.52,12.445
3/27/2008,13.273,12.085
3/28/2008,12.673,11.595
3/31/2008,11.973,10.895
4/1/2008,12.11,11.473
4/2/2008,12.43,11.698
4/3/2008,12.57,11.953
4/4/2008,12.77,12.238
4/7/2008,12.55,12.15
4/8/2008,12.515,12.055
4/9/2008,13.13,12.44
4/10/2008,13.56,12.71
4/11/2008,13.325,12.625
4/14/2008,13.725,12.87
4/15/2008,13.8,13
4/16/2008,13.448,12.735
4/17/2008,13.505,12.783
4/18/2008,13.615,12.81
4/21/2008,13.155,12.355
4/22/2008,13.748,12.77
4/23/2008,13.72,12.58
4/24/2008,13.488,12.405
4/25/2008,13.258,12.22
4/28/2008,12.835,11.965
4/29/2008,12.795,12.005
4/30/2008,13.018,12.255
5/1/2008,12.588,11.933
5/2/2008,12.925,12.185
5/5/2008,12.73,12.155
5/6/2008,12.645,12.175
5/7/2008,12.973,12.455
5/8/2008,12.983,12.458
5/9/2008,13.495,13.038
5/12/2008,13.35,12.893
5/13/2008,13.745,13.258
5/14/2008,13.71,13.33
5/15/2008,13.475,13.193
5/16/2008,13.78,13.493
5/19/2008,13.33,13.22
5/20/2008,13.315,13.258
5/21/2008,13.49,13.55
5/22/2008,13.248,13.243
5/23/2008,13.68,13.535
5/27/2008,13.478,13.413
5/28/2008,13.728,13.573
5/29/2008,13.228,13.215
5/30/2008,13.635,13.545
6/2/2008,13.655,13.585
6/3/2008,13.595,13.538
6/4/2008,13.89,13.798
6/5/2008,14.52,14.32
6/6/2008,14.575,14.395
6/9/2008,14.52,14.47
6/10/2008,14.465,14.41
6/11/2008,15.165,15.09
6/12/2008,15.365,15.125
6/13/2008,15.6,15.31
6/16/2008,15.34,15.23
6/17/2008,15.58,15.53
6/18/2008,15.56,15.43
6/19/2008,15.455,15.215
6/20/2008,15.325,15.09
6/23/2008,15.15,15.025
6/24/2008,15.01,14.91
6/25/2008,15.375,15.25
6/26/2008,15.743,15.615
6/27/2008,15.815,15.595
6/30/2008,16.05,15.74
7/1/2008,16.28,16.1
7/2/2008,16.458,16.3
7/3/2008,16.58,16.31
7/7/2008,15.89,15.61
7/8/2008,15.61,15.295
7/9/2008,15.78,15.57
7/10/2008,16.095,15.87
7/11/2008,16.305,15.96
7/14/2008,15.95,15.59
7/15/2008,15.42,15.16
7/16/2008,15.73,15.48
7/17/2008,15.21,14.98
7/18/2008,14.7,14.48
7/21/2008,14.095,14.03
7/22/2008,14.168,14.09
7/23/2008,13.943,13.84
7/24/2008,13.85,13.73
7/25/2008,13.988,13.865
7/28/2008,14.003,13.96
7/29/2008,13.843,13.91
7/30/2008,13.94,14.05
7/31/2008,13.958,14.04
8/1/2008,13.578,13.65
8/4/2008,12.87,12.95
8/5/2008,12.625,12.69
8/6/2008,12.205,12.22
8/7/2008,12.43,12.39
8/8/2008,11.99,11.805
8/11/2008,12.15,11.96
8/12/2008,12.2,12.14
8/13/2008,12.7,12.84
8/14/2008,12.455,12.74
8/15/2008,12.115,12.19
8/18/2008,12.79,12.89
8/19/2008,12.67,12.76
8/20/2008,12.938,13
8/21/2008,13.41,13.48
8/22/2008,13.21,13.27
8/25/2008,13.392,13.47
8/26/2008,13.375,13.445
8/27/2008,13.48,13.48
8/28/2008,13.325,13.24
8/29/2008,13.32,13.24
9/2/2008,13.015,12.985
9/3/2008,12.51,12.515
9/4/2008,12.34,12.35
9/5/2008,11.8,11.77
9/8/2008,11.945,11.92
9/9/2008,12.09,12.01
9/10/2008,11.815,11.78
9/11/2008,12.16,11.76
9/12/2008,14.9,12.02
9/15/2008,11.79,11.79
9/16/2008,11.24,11.24
9/17/2008,11.39,11.39
9/18/2008,11.16,11.16
9/19/2008,11.435,11.435
9/22/2008,12.05,12.05
9/23/2008,11.87,11.87
9/24/2008,11.87,11.87
9/25/2008,11.83,11.83
9/26/2008,11.64,11.64
9/29/2008,10.94,10.94
9/30/2008,10.45,10.45
10/1/2008,10.53,10.53
10/2/2008,10.04,10.04
10/3/2008,9.92,9.92
10/6/2008,9.22,9.22
10/7/2008,9.26,9.26
10/8/2008,9.64,9.64
10/9/2008,9.8,9.8
10/10/2008,9.1,9.1
10/13/2008,9.28,9.28
10/14/2008,8.96,8.96
10/15/2008,8.58,8.58
10/16/2008,8.67,8.67
10/17/2008,8.94,8.94
10/20/2008,9.29,9.29
10/21/2008,9.08,9.08
10/22/2008,8.59,8.59
10/23/2008,8.845,8.845
10/24/2008,8.638,8.638
10/27/2008,8.93,8.93
10/28/2008,8.788,8.788
10/29/2008,9.373,9.373
10/30/2008,9.34,9.34
10/31/2008,9.253,9.253
11/3/2008,9.283,9.283
11/4/2008,9.495,9.495
11/5/2008,8.948,8.948
11/6/2008,8.995,8.995
11/7/2008,9.118,9.118
11/10/2008,9.4,9.4
11/11/2008,9.08,9.08
11/12/2008,8.853,8.853
11/13/2008,8.87,8.87
11/14/2008,8.78,8.78
11/17/2008,9.065,9.315
11/18/2008,9.02,9.26
11/19/2008,8.97,9.15
11/20/2008,8.56,8.695
11/21/2008,8.4,8.543
11/24/2008,8.84,9.015
11/25/2008,8.83,9.02
11/26/2008,8.86,9.07
11/28/2008,8.83,9.06
12/1/2008,8.46,8.758
12/2/2008,8.27,8.56
12/3/2008,8.3,8.548
12/4/2008,8.11,8.35
12/5/2008,7.835,8.025
12/8/2008,8.205,8.44
12/9/2008,8.13,8.34
12/10/2008,8.295,8.52
12/11/2008,8.565,8.783
12/12/2008,8.54,8.74
12/15/2008,8.46,8.7
12/16/2008,8.585,8.86
12/17/2008,8.64,8.96
12/18/2008,8.695,9.023
12/19/2008,8.683,8.99
12/22/2008,8.865,9.163
12/23/2008,9.01,9.288
12/24/2008,9.158,9.41
12/26/2008,9.518,9.795
12/29/2008,9.385,9.74
12/30/2008,9.458,9.83
12/31/2008,9.723,10.068
1/2/2009,9.7,10.035
1/5/2009,9.838,10.12
1/6/2009,10.143,10.35
1/7/2009,9.9,10.06
1/8/2009,9.89,10.01
1/9/2009,10.375,10.295
1/12/2009,9.54,9.63
1/13/2009,9.695,9.625
1/14/2009,9.78,9.553
1/15/2009,9.945,9.605
1/16/2009,10.2,9.72
1/20/2009,9.92,9.535
1/21/2009,10.205,9.74
1/22/2009,10.12,9.575
1/23/2009,10.09,9.433
1/26/2009,10.09,9.455
1/27/2009,9.76,9.355
1/28/2009,9.825,9.345
1/29/2009,9.705,9.31
1/30/2009,9.8,9.45
2/2/2009,9.595,9.25
2/3/2009,9.46,8.95
2/4/2009,9.495,8.9
2/5/2009,9.8,9.145
2/6/2009,10.01,9.46
2/9/2009,10.02,9.43
2/10/2009,9.94,9.39
2/11/2009,9.78,9.175
2/12/2009,9.685,9.005
2/13/2009,9.555,8.925
2/17/2009,9.03,8.53
2/18/2009,8.875,8.358
2/19/2009,8.845,8.45
2/20/2009,8.625,8.305
2/23/2009,8.728,8.4
2/24/2009,8.81,8.4
2/25/2009,8.78,8.38
2/26/2009,8.693,8.38
2/27/2009,8.745,8.275
3/2/2009,8.485,7.93
3/3/2009,8.63,7.913
3/4/2009,8.755,8.103
3/5/2009,8.625,7.995
3/6/2009,8.79,8.15
3/9/2009,8.81,8.175
3/10/2009,8.89,8.355
3/11/2009,8.75,8.17
3/12/2009,8.99,8.415
3/13/2009,8.825,8.238
3/16/2009,9.11,8.505
3/17/2009,9.13,8.61
3/18/2009,9.15,8.56
3/19/2009,9.405,8.925
3/20/2009,9.52,8.93
3/23/2009,9.555,8.955
3/24/2009,9.67,8.965
3/25/2009,9.51,8.8
3/26/2009,9.44,8.805
3/27/2009,9.17,8.608
3/30/2009,9.045,8.42
3/31/2009,9.52,8.92
4/1/2009,9.52,8.92
4/2/2009,9.77,9.155
4/3/2009,9.955,9.233
4/6/2009,9.94,9.12
4/7/2009,9.895,9.085
4/8/2009,10.06,9.16
4/9/2009,10.07,9.22
4/13/2009,10.215,9.273
4/14/2009,10.36,9.393
4/15/2009,10.35,9.4
4/16/2009,10.585,9.43
4/17/2009,10.51,9.35
4/20/2009,10.185,9.03
4/21/2009,10.38,9.31
4/22/2009,10.46,9.24
4/23/2009,10.378,9.235
4/24/2009,10.403,9.333
4/27/2009,10.048,9.045
4/28/2009,9.895,9
4/29/2009,10.34,9.325
4/30/2009,10.7,9.435
5/1/2009,11.02,9.71
5/4/2009,11.153,9.705
5/5/2009,11.16,9.605
5/6/2009,11.35,9.78
5/7/2009,11.19,9.72
5/8/2009,11.34,9.795
5/11/2009,11.3,9.83
5/12/2009,11.375,9.795
5/13/2009,11.5,9.815
5/14/2009,11.66,9.92
5/15/2009,11.305,9.758
5/18/2009,11.465,9.87
5/19/2009,11.62,9.96
5/20/2009,11.69,10.145
5/21/2009,11.75,10.235
5/22/2009,11.66,10.315
5/26/2009,11.855,10.425
5/27/2009,11.87,10.5
5/28/2009,11.79,10.53
5/29/2009,11.84,10.625
6/1/2009,12.19,10.86
6/2/2009,12.09,10.825
6/3/2009,11.82,10.47
6/4/2009,12.3,10.815
6/5/2009,12.255,10.618
6/8/2009,12.325,10.518
6/9/2009,12.435,10.725
6/10/2009,12.46,10.793
6/11/2009,12.67,10.898
6/12/2009,12.455,10.765
6/15/2009,11.97,10.248
6/16/2009,12.013,10.285
6/17/2009,12.063,10.5
6/18/2009,12.138,10.435
6/19/2009,11.79,10.06
6/22/2009,11.515,9.81
6/23/2009,11.79,10.045
6/24/2009,11.85,10.08
6/25/2009,11.96,10.02
6/26/2009,12.01,9.91
6/29/2009,12.15,9.835
6/30/2009,12.263,9.81
7/1/2009,12.585,10.155
7/2/2009,12.43,10.06
7/6/2009,12,9.63
7/7/2009,11.335,8.95
7/8/2009,10.84,8.92
7/9/2009,11.105,9.16
7/10/2009,11.283,9.17
7/13/2009,10.915,9.115
7/14/2009,10.74,9.18
7/15/2009,10.205,9.045
7/16/2009,9.76,8.9
7/17/2009,10.095,9.235
7/20/2009,10.33,9.23
7/21/2009,10.145,9.05
7/22/2009,10.185,9.08
7/23/2009,10.235,9.32
7/24/2009,10.21,9.15
7/27/2009,10.213,9.065
7/28/2009,10.545,9.27
7/29/2009,10.575,9.16
7/30/2009,11.283,9.71
7/31/2009,11.34,9.82
8/3/2009,11.735,10.305
8/4/2009,11.65,10.315
8/5/2009,11.75,10.45
8/6/2009,11.705,10.3
8/7/2009,11.845,10.385
8/10/2009,11.705,10.1
8/11/2009,12.165,10.385
8/12/2009,12.16,10.44
8/13/2009,11.873,10.188
8/14/2009,11,9.815
8/17/2009,9.88,9.545
8/18/2009,9.955,9.59
8/19/2009,9.97,9.58
8/20/2009,9.993,9.57
8/21/2009,10.23,9.73
8/24/2009,10.8,10.075
8/25/2009,10.91,9.99
8/26/2009,10.905,9.965
8/27/2009,11.143,9.96
8/28/2009,11.358,10.11
8/31/2009,11,9.795
9/1/2009,10.14,9.555
9/2/2009,10.093,9.51
9/3/2009,9.82,9.415
9/4/2009,9.61,9.22
9/8/2009,9.69,9.365
9/9/2009,9.615,9.285
9/10/2009,9.735,9.265
9/11/2009,9.845,9.03
9/14/2009,9.25,9.09
9/15/2009,9.6,9.6
9/16/2009,9.505,9.505
9/17/2009,9.53,9.53
9/18/2009,9.41,9.41
9/21/2009,9.135,9.135
9/22/2009,9.22,9.22
9/23/2009,9.205,9.205
9/24/2009,9.195,9.195
9/25/2009,9.26,9.26
9/28/2009,9.195,9.195
9/29/2009,9.17,9.17
9/30/2009,9.27,9.27
10/1/2009,9.18,9.18
10/2/2009,8.85,8.85
10/5/2009,8.85,8.85
10/6/2009,9.1,9.1
10/7/2009,9.12,9.12
10/8/2009,9.36,9.36
10/9/2009,9.64,9.64
10/12/2009,9.99,9.99
10/13/2009,9.93,9.93
10/14/2009,9.94,9.94
10/15/2009,9.83,9.83
10/16/2009,9.775,9.775
10/19/2009,9.963,9.963
10/20/2009,9.825,9.825
10/21/2009,10.085,10.085
10/22/2009,10.055,10.055
10/23/2009,10.06,10.06
10/26/2009,9.865,9.865
10/27/2009,9.735,9.735
10/28/2009,9.685,9.685
10/29/2009,9.855,9.855
10/30/2009,9.78,9.78
11/2/2009,9.975,9.975
11/3/2009,10.068,10.068
11/4/2009,9.955,9.955
11/5/2009,9.67,9.67
11/6/2009,9.48,9.48
11/9/2009,9.643,9.643
11/10/2009,9.615,9.615
11/11/2009,9.638,9.638
11/12/2009,9.823,9.823
11/13/2009,9.84,9.84
11/16/2009,10.1,10.158
11/17/2009,10.295,10.3
11/18/2009,10.27,10.195
11/19/2009,10.39,10.215
11/20/2009,10.46,10.225
11/23/2009,10.42,10.26
11/24/2009,10.46,10.36
11/25/2009,10.545,10.498
11/27/2009,10.53,10.478
11/30/2009,10.605,10.52
12/1/2009,10.595,10.485
12/2/2009,10.34,10.315
12/3/2009,10.47,10.47
12/4/2009,10.43,10.415
12/7/2009,10.53,10.465
12/8/2009,10.44,10.37
12/9/2009,10.285,10.2
12/10/2009,10.27,10.195
12/11/2009,10.35,10.18
12/14/2009,10.55,10.283
12/15/2009,10.55,10.22
12/16/2009,10.595,10.295
12/17/2009,10.22,9.99
12/18/2009,10.12,9.935
12/21/2009,10.01,9.815
12/22/2009,9.91,9.74
12/23/2009,10.013,9.865
12/24/2009,9.995,9.893
12/28/2009,10.29,10.1
12/29/2009,10.38,10.18
12/30/2009,10.363,10.15
12/31/2009,10.398,10.143
1/4/2010,10.495,10.2
1/5/2010,10.523,10.23
1/6/2010,10.505,10.248
1/7/2010,10.178,9.998
1/8/2010,10.13,9.99
1/11/2010,10.018,9.903
1/12/2010,9.695,9.65
1/13/2010,9.835,9.745
1/14/2010,9.685,9.595
1/15/2010,9.74,9.423
1/19/2010,9.635,9.393
1/20/2010,9.5,9.285
1/21/2010,9.54,9.34
1/22/2010,9.515,9.333
1/25/2010,9.405,9.255
1/26/2010,9.475,9.293
1/27/2010,9.29,9.153
1/28/2010,9.318,9.223
1/29/2010,9.14,9.113
2/1/2010,9.1,9.09
2/2/2010,9.255,9.215
2/3/2010,9.08,9.07
2/4/2010,9.14,9.1
2/5/2010,9.135,9.035
2/8/2010,9.295,9.145
2/9/2010,9.245,9.125
2/10/2010,9.375,9.155
2/11/2010,9.43,9.225
2/12/2010,9.45,9.22
2/16/2010,9.655,9.41
2/17/2010,9.515,9.318
2/18/2010,9.48,9.313
2/19/2010,9.45,9.26
2/22/2010,9.615,9.358
2/23/2010,9.525,9.273
2/24/2010,9.555,9.348
2/25/2010,9.415,9.295
2/26/2010,9.51,9.41
3/1/2010,9.525,9.425
3/2/2010,9.543,9.388
3/3/2010,9.545,9.425
3/4/2010,9.325,9.25
3/5/2010,9.348,9.25
3/8/2010,9.405,9.31
3/9/2010,9.415,9.275
3/10/2010,9.52,9.353
3/11/2010,9.255,9.165
3/12/2010,9.26,9.14
3/15/2010,9.3,9.14
3/16/2010,9.45,9.26
3/17/2010,9.59,9.405
3/18/2010,9.595,9.4
3/19/2010,9.618,9.42
3/22/2010,9.685,9.458
3/23/2010,9.68,9.36
3/24/2010,9.6,9.273
3/25/2010,9.425,9.13
3/26/2010,9.52,9.18
3/29/2010,9.675,9.255
3/30/2010,9.74,9.265
3/31/2010,9.41,9.18
4/1/2010,9.42,9.258
4/5/2010,9.36,9.223
4/6/2010,9.445,9.318
4/7/2010,9.525,9.413
4/8/2010,9.465,9.375
4/9/2010,9.523,9.365
4/12/2010,9.6,9.35
4/13/2010,9.68,9.45
4/14/2010,9.69,9.463
4/15/2010,9.84,9.61
4/16/2010,9.853,9.655
4/19/2010,9.768,9.56
4/20/2010,9.84,9.633
4/21/2010,9.955,9.77
4/22/2010,10.043,9.85
4/23/2010,10,9.79
4/26/2010,9.988,9.775
4/27/2010,9.828,9.618
4/28/2010,9.828,9.655
4/29/2010,9.858,9.705
4/30/2010,9.895,9.758
5/3/2010,9.758,9.665
5/4/2010,9.77,9.63
5/5/2010,9.683,9.555
5/6/2010,9.455,9.288
5/7/2010,9.513,9.343
5/10/2010,9.528,9.348
5/11/2010,9.583,9.375
5/12/2010,9.595,9.375
5/13/2010,9.605,9.353
5/14/2010,9.48,9.263
5/17/2010,9.41,9.165
5/18/2010,9.395,9.135
5/19/2010,9.385,9.058
5/20/2010,9.44,9.08
5/21/2010,9.41,9.075
5/24/2010,9.405,9.155
5/25/2010,9.305,9.03
5/26/2010,9.38,9.1
5/27/2010,9.518,9.188
5/28/2010,9.378,9.078
6/1/2010,9.32,9.028
6/2/2010,9.325,9.035
6/3/2010,9.55,9.198
6/4/2010,9.35,9
6/7/2010,9.35,9
6/8/2010,9.31,8.943
6/9/2010,9.435,8.965
6/10/2010,9.35,8.948
6/11/2010,9.463,9.093
6/14/2010,9.515,9.163
6/15/2010,9.495,9.155
6/16/2010,9.578,9.245
6/17/2010,9.52,9.25
6/18/2010,9.61,9.305
6/21/2010,9.633,9.39
6/22/2010,9.655,9.36
6/23/2010,9.58,9.235
6/24/2010,9.555,9.12
6/25/2010,9.57,9.12
6/28/2010,9.55,9.185
6/29/2010,9.473,9.12
6/30/2010,9.485,9.025
7/1/2010,9.535,9.055
7/2/2010,9.628,9.058
7/6/2010,9.643,9
7/7/2010,9.93,9.325
7/8/2010,10.125,9.46
7/9/2010,10.255,9.533
7/12/2010,10.318,9.51
7/13/2010,10.305,9.545
7/14/2010,10.36,9.62
7/15/2010,10.19,9.88
7/16/2010,10.195,9.85
7/19/2010,10.08,9.72
7/20/2010,10.118,9.73
7/21/2010,10.153,9.785
7/22/2010,10.16,9.795
7/23/2010,10.17,9.815
7/26/2010,9.983,9.66
7/27/2010,9.98,9.655
7/28/2010,10.105,9.78
7/29/2010,10.268,9.88
7/30/2010,10.525,10.05
8/2/2010,10.533,10.1
8/3/2010,10.535,10.18
8/4/2010,10.53,10.243
8/5/2010,10.55,10.29
8/6/2010,10.59,10.335
8/9/2010,10.485,10.35
8/10/2010,10.363,10.22
8/11/2010,10.445,10.155
8/12/2010,10.57,10.285
8/13/2010,10.52,10.44
8/16/2010,10.34,10.315
8/17/2010,10.453,10.42
8/18/2010,10.353,10.308
8/19/2010,10.168,10.123
8/20/2010,10.093,10.04
8/23/2010,10.07,10.055
8/24/2010,9.995,9.99
8/25/2010,10,9.99
8/26/2010,10.13,10.145
8/27/2010,10.22,10.26
8/30/2010,10.18,10.225
8/31/2010,10.08,10.1
9/1/2010,10.045,10.055
9/2/2010,10.075,10.09
9/3/2010,10.298,10.35
9/7/2010,10.438,10.52
9/8/2010,10.413,10.488
9/9/2010,10.378,10.46
9/10/2010,10.235,10.31
9/13/2010,10.253,10.345
9/14/2010,10.25,10.355
9/15/2010,10.425,10.425
9/16/2010,10.363,10.363
9/17/2010,10.69,10.69
9/20/2010,10.845,10.845
9/21/2010,10.8,10.8
9/22/2010,10.885,10.885
9/23/2010,10.935,10.935
9/24/2010,11.26,11.26
9/27/2010,11.285,11.285
9/28/2010,11.1,11.1
9/29/2010,10.99,10.99
9/30/2010,11.068,11.068
10/1/2010,10.57,10.57
10/4/2010,10.54,10.54
10/5/2010,10.718,10.718
10/6/2010,10.62,10.62
10/7/2010,10.65,10.65
10/8/2010,11.35,11.35
10/11/2010,11.525,11.525
10/12/2010,11.785,11.785
10/13/2010,11.765,11.765
10/14/2010,11.885,11.885
10/15/2010,11.85,11.85
10/18/2010,11.84,11.84
10/19/2010,11.8,11.8
10/20/2010,12.12,12.12
10/21/2010,12.015,12.015
10/22/2010,11.995,11.995
10/25/2010,12.178,12.178
10/26/2010,12.19,12.19
10/27/2010,12.238,12.238
10/28/2010,12.25,12.25
10/29/2010,12.26,12.26
11/1/2010,12.253,12.253
11/2/2010,12.238,12.238
11/3/2010,12.275,12.275
11/4/2010,12.648,12.648
11/5/2010,12.735,12.735
11/8/2010,12.645,12.645
11/9/2010,13.193,13.193
11/10/2010,13.095,13.095
11/11/2010,13.303,13.303
11/12/2010,12.63,12.63
11/15/2010,12.865,11.94
11/16/2010,12.198,11.363
11/17/2010,12.05,11.268
11/18/2010,12.42,11.6
11/19/2010,12.015,11.258
11/22/2010,12.215,11.35
11/23/2010,12.39,11.49
11/24/2010,12.55,11.698
11/26/2010,12.385,11.585
11/29/2010,12.35,11.58
11/30/2010,12.43,11.62
12/1/2010,12.83,12.01
12/2/2010,12.798,11.97
12/3/2010,13.003,12.083
12/6/2010,12.885,11.988
12/7/2010,12.855,12
12/8/2010,12.96,12.125
12/9/2010,12.815,11.988
12/10/2010,12.73,11.935
12/13/2010,13.025,12.225
12/14/2010,12.96,12.14
12/15/2010,12.965,12.125
12/16/2010,12.89,12.13
12/17/2010,12.988,12.298
12/20/2010,13.153,12.425
12/21/2010,13.262,12.498
12/22/2010,13.288,12.485
12/23/2010,13.495,12.66
12/27/2010,13.73,12.848
12/28/2010,13.757,12.788
12/29/2010,13.66,12.773
12/30/2010,13.66,12.845
12/31/2010,13.938,13.085
1/3/2011,13.703,12.943
1/4/2011,13.61,12.775
1/5/2011,13.86,12.955
1/6/2011,13.695,12.86
1/7/2011,13.578,12.818
1/10/2011,13.733,12.877
1/11/2011,13.505,12.73
1/12/2011,14.09,13.08
1/13/2011,14.1,13.125
1/14/2011,14.065,13.233
1/18/2011,14.132,13.26
1/19/2011,14.115,13.36
1/20/2011,14.142,13.417
1/21/2011,14.123,13.483
1/24/2011,14.045,13.368
1/25/2011,13.745,13.127
1/26/2011,13.855,13.238
1/27/2011,13.995,13.255
1/28/2011,13.98,13.23
1/31/2011,14.13,13.41
2/1/2011,14.38,13.68
2/2/2011,14.44,13.75
2/3/2011,14.355,13.655
2/4/2011,14.335,13.69
2/7/2011,14.245,13.66
2/8/2011,14.342,13.775
2/9/2011,14.51,13.97
2/10/2011,14.33,13.855
2/11/2011,14.16,13.795
2/14/2011,14.028,13.655
2/15/2011,13.68,13.328
2/16/2011,13.66,13.288
2/17/2011,14.045,13.735
2/18/2011,13.68,13.42
2/22/2011,12.98,12.743
2/23/2011,13.2,12.958
2/24/2011,13.183,12.863
2/25/2011,13.655,13.295
2/28/2011,13.573,13.248
3/1/2011,13.675,13.283
3/2/2011,13.873,13.458
3/3/2011,14.055,13.625
3/4/2011,14.078,13.61
3/7/2011,13.877,13.547
3/8/2011,13.755,13.46
3/9/2011,13.44,13.2
3/10/2011,13.488,13.21
3/11/2011,13.265,13
3/14/2011,13.29,13.08
3/15/2011,12.7,12.38
3/16/2011,12.87,12.508
3/17/2011,13.352,13.023
3/18/2011,13.625,13.34
3/21/2011,13.63,13.45
3/22/2011,13.655,13.44
3/23/2011,13.512,13.333
3/24/2011,13.545,13.435
3/25/2011,13.583,13.502
3/28/2011,13.485,13.42
3/29/2011,13.615,13.542
3/30/2011,13.72,13.635
3/31/2011,14.102,13.95
4/1/2011,13.938,13.892
4/4/2011,13.84,13.89
4/5/2011,13.733,13.788
4/6/2011,13.765,13.762
4/7/2011,13.635,13.655
4/8/2011,13.922,13.96
4/11/2011,13.685,13.802
4/12/2011,13.297,13.443
4/13/2011,13.335,13.515
4/14/2011,13.31,13.453
4/15/2011,13.318,13.398
4/18/2011,13.443,13.493
4/19/2011,13.42,13.54
4/20/2011,13.578,13.66
4/21/2011,13.805,13.825
4/25/2011,13.895,13.825
4/26/2011,13.828,13.748
4/27/2011,13.78,13.685
4/28/2011,13.502,13.377
4/29/2011,13.927,13.743
5/2/2011,13.903,13.738
5/3/2011,13.592,13.542
5/4/2011,13.505,13.385
5/5/2011,13.198,13.068
5/6/2011,13.25,13.085
5/9/2011,13.35,13.195
5/10/2011,13.4,13.225
5/11/2011,13.335,13.21
5/12/2011,13.453,13.262
5/13/2011,13.37,13.108
5/16/2011,13.265,13.063
5/17/2011,13.41,13.205
5/18/2011,13.795,13.533
5/19/2011,13.795,13.495
5/20/2011,13.802,13.505
5/23/2011,13.738,13.507
5/24/2011,13.722,13.542
5/25/2011,13.77,13.61
5/26/2011,13.847,13.725
5/27/2011,13.797,13.685
5/31/2011,13.76,13.635
6/1/2011,13.863,13.748
6/2/2011,14.07,13.927
6/3/2011,14.145,13.97
6/6/2011,13.833,13.727
6/7/2011,13.94,13.852
6/8/2011,14.015,13.925
6/9/2011,13.938,13.868
6/10/2011,13.873,13.818
6/13/2011,13.828,13.767
6/14/2011,13.68,13.637
6/15/2011,13.68,13.667
6/16/2011,13.505,13.502
6/17/2011,13.33,13.333
6/20/2011,13.358,13.355
6/21/2011,13.488,13.498
6/22/2011,13.302,13.325
6/23/2011,13.177,13.172
6/24/2011,13.203,13.092
6/27/2011,13.297,13.15
6/28/2011,13.307,13.19
6/29/2011,13.342,13.23
6/30/2011,13.063,12.94
7/1/2011,13.222,13.125
7/5/2011,13.323,13.18
7/6/2011,13.31,13.185
7/7/2011,13.455,13.377
7/8/2011,13.52,13.465
7/11/2011,13.525,13.47
7/12/2011,13.665,13.583
7/13/2011,13.87,13.797
7/14/2011,13.905,13.84
7/15/2011,13.858,13.87
7/18/2011,13.855,13.863
7/19/2011,13.792,13.82
7/20/2011,13.783,13.84
7/21/2011,13.802,13.88
7/22/2011,13.802,13.882
7/25/2011,13.655,13.72
7/26/2011,13.83,13.887
7/27/2011,13.757,13.805
7/28/2011,13.677,13.715
7/29/2011,13.542,13.573
8/1/2011,13.587,13.62
8/2/2011,13.73,13.797
8/3/2011,13.64,13.73
8/4/2011,13.392,13.453
8/5/2011,13.315,13.36
8/8/2011,13.092,13.115
8/9/2011,12.988,12.998
8/10/2011,13.007,13.015
8/11/2011,13.337,13.318
8/12/2011,13.37,13.347
8/15/2011,13.435,13.512
8/16/2011,13.4,13.495
8/17/2011,13.568,13.667
8/18/2011,13.52,13.61
8/19/2011,13.597,13.685
8/22/2011,13.765,13.852
8/23/2011,13.895,13.972
8/24/2011,13.865,13.935
8/25/2011,13.86,13.927
8/26/2011,14.148,14.235
8/29/2011,14.38,14.47
8/30/2011,14.488,14.57
8/31/2011,14.49,14.575
9/1/2011,14.248,14.345
9/2/2011,14.36,14.458
9/6/2011,14.135,14.225
9/7/2011,14.11,14.208
9/8/2011,14.073,14.182
9/9/2011,14.165,14.267
9/12/2011,13.875,13.96
9/13/2011,13.813,13.917
9/14/2011,13.74,13.828
9/15/2011,13.587,13.587
9/16/2011,13.555,13.555
9/19/2011,13.36,13.36
9/20/2011,13.38,13.38
9/21/2011,13.205,13.205
9/22/2011,12.83,12.83
9/23/2011,12.58,12.58
9/26/2011,12.597,12.597
9/27/2011,12.63,12.63
9/28/2011,12.235,12.235
9/29/2011,12.3,12.3
9/30/2011,11.79,11.79
10/3/2011,11.775,11.775
10/4/2011,11.6,11.6
10/5/2011,11.637,11.637
10/6/2011,11.637,11.637
10/7/2011,11.583,11.583
10/10/2011,11.775,11.775
10/11/2011,12.355,12.355
10/12/2011,12.395,12.395
10/13/2011,12.57,12.57
10/14/2011,12.7,12.7
10/17/2011,12.53,12.53
10/18/2011,12.507,12.507
10/19/2011,12.25,12.25
10/20/2011,12.25,12.25
10/21/2011,12.123,12.123
10/24/2011,12.267,12.267
10/25/2011,12.255,12.255
10/26/2011,12.105,12.105
10/27/2011,12.35,12.35
10/28/2011,12.17,12.17
10/31/2011,12.075,12.075
11/1/2011,11.922,11.922
11/2/2011,11.935,11.935
11/3/2011,12.193,12.193
11/4/2011,12.125,12.125
11/7/2011,11.922,11.922
11/8/2011,11.953,11.953
11/9/2011,11.757,11.757
11/10/2011,11.58,11.58
11/11/2011,11.66,11.66
11/14/2011,11.72,11.72
11/15/2011,12.002,12.113
11/16/2011,11.877,12.017
11/17/2011,11.682,11.795
11/18/2011,11.682,11.815
11/21/2011,11.48,11.642
11/22/2011,11.53,11.69
11/23/2011,11.225,11.385
11/25/2011,11.065,11.195
11/28/2011,11.21,11.36
11/29/2011,11.25,11.41
11/30/2011,11.313,11.467
12/1/2011,11.28,11.49
12/2/2011,11.358,11.555
12/5/2011,11.262,11.495
12/6/2011,11.295,11.545
12/7/2011,11.31,11.56
12/8/2011,11.325,11.57
12/9/2011,11.07,11.352
12/12/2011,11.12,11.37
12/13/2011,11.185,11.415
12/14/2011,11,11.215
12/15/2011,11.118,11.302
12/16/2011,11.3,11.505
12/19/2011,11.37,11.583
12/20/2011,11.445,11.665
12/21/2011,11.538,11.755
12/22/2011,11.623,11.783
12/23/2011,11.63,11.79
12/27/2011,11.998,12.06
12/28/2011,11.983,12.05
12/29/2011,11.875,12.005
12/30/2011,11.985,12.042
1/3/2012,12.182,12.19
1/4/2012,12.215,12.193
1/5/2012,12.012,12.04
1/6/2012,11.895,11.913
1/9/2012,12.257,12.217
1/10/2012,12.238,12.225
1/11/2012,11.975,12.045
1/12/2012,11.785,11.885
1/13/2012,11.6,11.7
1/17/2012,11.835,11.89
1/18/2012,11.835,11.86
1/19/2012,11.97,11.943
1/20/2012,11.87,11.837
1/23/2012,12.175,12.075
1/24/2012,12.2,12.13
1/25/2012,12.135,12.137
1/26/2012,12.227,12.217
1/27/2012,12.19,12.222
1/30/2012,11.852,11.945
1/31/2012,11.99,12.015
2/1/2012,12.153,12.182
2/2/2012,12.17,12.238
2/3/2012,12.325,12.373
2/6/2012,12.33,12.39
2/7/2012,12.32,12.413
2/8/2012,12.315,12.4
2/9/2012,12.275,12.385
2/10/2012,12.29,12.395
2/13/2012,12.52,12.59
2/14/2012,12.55,12.575
2/15/2012,12.61,12.605
2/16/2012,12.583,12.552
2/17/2012,12.675,12.62
2/21/2012,12.71,12.623
2/22/2012,12.722,12.64
2/23/2012,12.767,12.677
2/24/2012,12.79,12.708
2/27/2012,12.938,12.813
2/28/2012,13.052,12.885
2/29/2012,13.135,12.89
3/1/2012,13.167,12.943
3/2/2012,13.283,12.98
3/5/2012,13.193,12.89
3/6/2012,13.297,12.932
3/7/2012,13.215,12.915
3/8/2012,13.325,12.995
3/9/2012,13.318,13.052
3/12/2012,13.305,12.995
3/13/2012,13.488,13.115
3/14/2012,13.56,13.11
3/15/2012,13.69,13.262
3/16/2012,13.74,13.283
3/19/2012,13.665,13.255
3/20/2012,13.45,13.073
3/21/2012,13.55,13.177
3/22/2012,13.495,13.118
3/23/2012,13.658,13.225
3/26/2012,13.795,13.295
3/27/2012,13.698,13.278
3/28/2012,13.675,13.205
3/29/2012,13.555,13.047
3/30/2012,14.03,13.58
4/2/2012,14.21,13.852
4/3/2012,14.167,13.788
4/4/2012,14.195,13.755
4/5/2012,14.34,13.815
4/9/2012,14.31,13.82
4/10/2012,14.26,13.648
4/11/2012,14.22,13.59
4/12/2012,14.41,13.727
4/13/2012,14.368,13.618
4/16/2012,14.2,13.5
4/17/2012,14.257,13.555
4/18/2012,14.078,13.377
4/19/2012,14.158,13.425
4/20/2012,14.467,13.56
4/23/2012,14.373,13.415
4/24/2012,14.613,13.52
4/25/2012,14.735,13.705
4/26/2012,14.813,13.587
4/27/2012,14.967,13.62
4/30/2012,15.03,13.81
5/1/2012,14.977,13.925
5/2/2012,14.8,13.682
5/3/2012,14.688,13.677
5/4/2012,14.75,13.667
5/7/2012,14.635,13.535
5/8/2012,14.378,13.405
5/9/2012,14.278,13.335
5/10/2012,14.523,13.59
5/11/2012,14.04,13.212
5/14/2012,13.9,12.948
5/15/2012,14.13,13.05
5/16/2012,14.22,13.023
5/17/2012,14.38,13.065
5/18/2012,14.05,12.88
5/21/2012,14.125,13.063
5/22/2012,13.823,12.823
5/23/2012,13.625,12.578
5/24/2012,13.76,12.762
5/25/2012,13.82,12.892
5/29/2012,13.868,12.935
5/30/2012,13.733,12.93
5/31/2012,13.4,12.703
6/1/2012,13.443,12.58
6/4/2012,13.4,12.682
6/5/2012,13.495,12.77
6/6/2012,13.863,12.993
6/7/2012,14.28,13.413
6/8/2012,14.262,13.325
6/11/2012,14.248,13.313
6/12/2012,14.35,13.37
6/13/2012,14.083,13.198
6/14/2012,13.86,13.087
6/15/2012,13.76,13.14
6/18/2012,13.842,13.392
6/19/2012,14.337,13.845
6/20/2012,14.465,13.955
6/21/2012,14.385,13.712
6/22/2012,14.425,13.755
6/25/2012,14.825,14.255
6/26/2012,14.705,14.132
6/27/2012,14.71,14.12
6/28/2012,14.66,14.035
6/29/2012,15.127,14.278
7/2/2012,15.323,14.38
7/3/2012,15.722,14.748
7/5/2012,16.265,15.265
7/6/2012,16.198,15.057
7/9/2012,16.65,15.477
7/10/2012,16.487,15.385
7/11/2012,16.23,15.225
7/12/2012,16.257,15.29
7/13/2012,16.42,15.525
7/16/2012,16.337,15.905
7/17/2012,16.39,15.905
7/18/2012,16.835,16.2
7/19/2012,17.337,16.522
7/20/2012,17.575,16.862
7/23/2012,16.985,16.222
7/24/2012,16.493,15.695
7/25/2012,16.942,16.155
7/26/2012,16.558,15.675
7/27/2012,16.843,16.017
7/30/2012,17.257,16.435
7/31/2012,17.21,16.41
8/1/2012,16.823,16.29
8/2/2012,16.53,16.165
8/3/2012,16.563,16.288
8/6/2012,16.075,15.842
8/7/2012,16.052,15.658
8/8/2012,16.3,15.813
8/9/2012,16.945,16.313
8/10/2012,17.095,16.438
8/13/2012,16.563,16.007
8/14/2012,16.8,15.98
8/15/2012,16.597,16.345
8/16/2012,16.563,16.253
8/17/2012,16.71,16.458
8/20/2012,17.038,16.835
8/21/2012,17.535,17.325
8/22/2012,17.48,17.278
8/23/2012,17.272,17.15
8/24/2012,17.375,17.315
8/27/2012,17.298,17.188
8/28/2012,17.325,17.222
8/29/2012,17.632,17.53
8/30/2012,17.702,17.635
8/31/2012,17.645,17.565
9/4/2012,17.71,17.683
9/5/2012,17.48,17.475
9/6/2012,17.445,17.47
9/7/2012,17.317,17.365
9/10/2012,17.13,17.188
9/11/2012,16.965,17.015
9/12/2012,17.407,17.458
9/13/2012,17.435,17.472
9/14/2012,17.365,17.39
9/17/2012,16.69,16.69
9/18/2012,16.4,16.4
9/19/2012,16.695,16.695
9/20/2012,16.188,16.188
9/21/2012,16.218,16.218
9/24/2012,16.1,16.1
9/25/2012,16.115,16.115
9/26/2012,15.73,15.73
9/27/2012,15.708,15.708
9/28/2012,16.01,16.01
10/1/2012,15.602,15.602
10/2/2012,15.305,15.305
10/3/2012,15.318,15.318
10/4/2012,15.515,15.515
10/5/2012,15.515,15.515
10/8/2012,15.51,15.51
10/9/2012,15.5,15.5
10/10/2012,15.233,15.233
10/11/2012,15.485,15.485
10/12/2012,15.225,15.225
10/15/2012,14.925,14.925
10/16/2012,14.938,14.938
10/17/2012,15.092,15.092
10/18/2012,15.455,15.455
10/19/2012,15.342,15.342
10/22/2012,15.465,15.465
10/23/2012,15.533,15.533
10/24/2012,15.705,15.705
10/25/2012,15.64,15.64
10/26/2012,15.613,15.613
10/29/2012,15.273,15.273
10/30/2012,15.337,15.337
10/31/2012,15.47,15.47
11/1/2012,15.585,15.585
11/2/2012,15.27,15.27
11/5/2012,15.042,15.042
11/6/2012,15.167,15.167
11/7/2012,15.087,15.087
11/8/2012,14.993,14.993
11/9/2012,14.52,14.52
11/12/2012,14.11,14.11
11/13/2012,14.27,14.27
11/14/2012,14.328,14.328
11/15/2012,14.02,12.708
11/16/2012,13.833,12.625
11/19/2012,13.948,12.767
11/20/2012,14.127,12.917
11/21/2012,14.083,12.847
11/23/2012,14.188,12.847
11/26/2012,14.248,12.96
11/27/2012,14.493,13.108
11/28/2012,14.462,13.05
11/29/2012,14.48,13.092
11/30/2012,14.387,13.045
12/3/2012,14.538,13.172
12/4/2012,14.555,13.142
12/5/2012,14.792,13.32
12/6/2012,14.913,13.347
12/7/2012,14.722,13.29
12/10/2012,14.748,13.345
12/11/2012,14.72,13.215
12/12/2012,14.735,13.185
12/13/2012,14.765,13.097
12/14/2012,14.96,13.175
12/17/2012,14.962,13.19
12/18/2012,14.66,13.1
12/19/2012,14.37,13.01
12/20/2012,14.087,12.877
12/21/2012,14.307,13.005
12/24/2012,14.398,13.097
12/26/2012,14.245,13.002
12/27/2012,14.188,13.025
12/28/2012,14.24,13.102
12/31/2012,14.188,13.028
1/2/2013,14.055,12.94
1/3/2013,14.03,12.917
1/4/2013,13.89,12.77
1/7/2013,14.108,12.847
1/8/2013,14.137,12.858
1/9/2013,14.198,12.89
1/10/2013,14.175,12.82
1/11/2013,14.248,12.663
1/14/2013,14.597,12.863
1/15/2013,14.135,12.833
1/16/2013,14.365,12.97
1/17/2013,14.302,12.852
1/18/2013,14.292,12.922
1/22/2013,14.517,13.125
1/23/2013,14.37,13.045
1/24/2013,14.352,13.057
1/25/2013,14.41,13.03
1/28/2013,14.477,13.1
1/29/2013,14.517,13.127
1/30/2013,14.788,13.328
1/31/2013,14.685,13.278
2/1/2013,14.743,13.325
2/4/2013,14.887,13.44
2/5/2013,14.955,13.483
2/6/2013,14.875,13.36
2/7/2013,14.868,13.24
2/8/2013,14.525,12.82
2/11/2013,14.315,12.685
2/12/2013,14.208,12.76
2/13/2013,14.23,12.725
2/14/2013,14.18,12.648
2/15/2013,14.245,12.618
2/19/2013,14.703,12.748
2/20/2013,14.828,12.87
2/21/2013,14.877,12.77
2/22/2013,14.613,12.667
2/25/2013,14.512,12.655
2/26/2013,14.477,12.578
2/27/2013,14.575,12.573
2/28/2013,14.743,12.595
3/1/2013,14.645,12.613
3/4/2013,14.903,12.693
3/5/2013,14.965,12.755
3/6/2013,14.845,12.788
3/7/2013,15.035,12.78
3/8/2013,15.085,12.685
3/11/2013,15.148,12.7
3/12/2013,14.898,12.695
3/13/2013,14.75,12.625
3/14/2013,14.573,12.597
3/15/2013,14.26,12.61
3/18/2013,14.095,12.585
3/19/2013,14.068,12.555
3/20/2013,14.198,12.61
3/21/2013,14.49,12.752
3/22/2013,14.405,12.637
3/25/2013,14.373,12.69
3/26/2013,14.477,12.765
3/27/2013,14.538,12.783
3/28/2013,14.047,12.515
4/1/2013,13.908,12.528
4/2/2013,13.94,12.488
4/3/2013,13.802,12.325
4/4/2013,13.72,12.33
4/5/2013,13.618,12.28
4/8/2013,13.78,12.323
4/9/2013,13.955,12.417
4/10/2013,13.927,12.375
4/11/2013,14.02,12.267
4/12/2013,14.13,12.318
4/15/2013,13.95,12.068
4/16/2013,14.115,12.185
4/17/2013,14.222,12.18
4/18/2013,14.305,12.235
4/19/2013,14.283,12.13
4/22/2013,14.172,12.028
4/23/2013,14.198,11.962
4/24/2013,14.04,11.938
4/25/2013,14.235,12.063
4/26/2013,14.307,12.102
4/29/2013,14.717,12.292
4/30/2013,14.677,12.235
5/1/2013,14.375,12.092
5/2/2013,14.41,12.04
5/3/2013,14.55,12.212
5/6/2013,14.445,12.073
5/7/2013,14.635,12.145
5/8/2013,14.79,12.142
5/9/2013,14.913,12.19
5/10/2013,14.882,12.055
5/13/2013,15.21,12.097
5/14/2013,15.245,12.14
5/15/2013,14.127,12.097
5/16/2013,14.275,12.175
5/17/2013,14.485,12.283
5/20/2013,14.645,12.25
5/21/2013,14.783,12.208
5/22/2013,14.943,12.387
5/23/2013,14.995,12.43
5/24/2013,14.762,12.477
5/28/2013,15.092,12.88
5/29/2013,15.017,12.885
5/30/2013,14.958,12.892
5/31/2013,15.1,13.042
6/3/2013,15.325,13.255
6/4/2013,15.288,13.16
6/5/2013,15.32,13
6/6/2013,15.273,13.057
6/7/2013,15.283,13.302
6/10/2013,15.118,13.19
6/11/2013,15.405,13.27
6/12/2013,15.408,13.142
6/13/2013,15.102,13.005
6/14/2013,15.165,12.983
6/17/2013,15.125,12.855
6/18/2013,15.108,12.898
6/19/2013,15.23,13.108
6/20/2013,14.975,12.85
6/21/2013,14.932,12.735
6/24/2013,15.12,12.735
6/25/2013,15.252,12.785
6/26/2013,15.342,12.76
6/27/2013,15.485,12.752
6/28/2013,15.645,12.52
7/1/2013,15.705,12.432
7/2/2013,15.73,12.425
7/3/2013,15.835,12.507
7/5/2013,15.88,12.283
7/8/2013,16.093,12.523
7/9/2013,16.132,12.762
7/10/2013,15.917,12.847
7/11/2013,16.013,12.908
7/12/2013,15.632,12.573
7/15/2013,14.538,12.637
7/16/2013,14.752,12.863
7/17/2013,14.775,12.835
7/18/2013,14.693,12.658
7/19/2013,14.908,12.74
7/22/2013,15.203,12.885
7/23/2013,14.625,12.602
7/24/2013,13.925,12.568
7/25/2013,13.552,12.24
7/26/2013,13.498,12.285
7/29/2013,13.675,12.2
7/30/2013,13.5,12.03
7/31/2013,13.74,12.063
8/1/2013,13.578,11.925
8/2/2013,13.31,11.815
8/5/2013,13.297,11.833
8/6/2013,13.243,11.672
8/7/2013,13.278,11.658
8/8/2013,13.557,11.842
8/9/2013,13.408,11.823
8/12/2013,13.738,12.252
8/13/2013,13.597,12.278
8/14/2013,13.68,12.39
8/15/2013,12.882,12.655
8/16/2013,12.833,12.592
8/19/2013,13.22,13.033
8/20/2013,13.092,12.905
8/21/2013,13.33,13.04
8/22/2013,13.22,12.868
8/23/2013,13.653,13.28
8/26/2013,14.278,13.895
8/27/2013,14.14,13.705
8/28/2013,14.33,13.727
8/29/2013,14.3,13.685
8/30/2013,14.24,13.575
9/3/2013,14.355,13.868
9/4/2013,13.977,13.525
9/5/2013,14.23,13.675
9/6/2013,14.37,13.677
9/9/2013,14.042,13.565
9/10/2013,14.038,13.55
9/11/2013,14.052,13.583
9/12/2013,14.42,13.96
9/13/2013,14.887,13.815
9/16/2013,13.483,13.483
9/17/2013,13.425,13.425
9/18/2013,13.477,13.477
9/19/2013,13.395,13.395
9/20/2013,13.153,13.153
9/23/2013,13.078,13.078
9/24/2013,13.125,13.125
9/25/2013,13.217,13.217
9/26/2013,13.167,13.167
9/27/2013,13.198,13.198
9/30/2013,12.828,12.828
10/1/2013,12.68,12.68
10/2/2013,12.738,12.738
10/3/2013,12.882,12.882
10/4/2013,12.95,12.95
10/7/2013,12.965,12.965
10/8/2013,12.887,12.887
10/9/2013,12.877,12.877
10/10/2013,12.88,12.88
10/11/2013,12.667,12.667
10/14/2013,12.73,12.73
10/15/2013,12.67,12.67
10/16/2013,12.765,12.765
10/17/2013,12.932,12.932
10/18/2013,12.913,12.913
10/21/2013,13.033,13.033
10/22/2013,13.023,13.023
10/23/2013,13.1,13.1
10/24/2013,13.097,13.097
10/25/2013,13,13
10/28/2013,12.712,12.712
10/29/2013,12.79,12.79
10/30/2013,12.875,12.875
10/31/2013,12.802,12.802
11/1/2013,12.66,12.66
11/4/2013,12.64,12.64
11/5/2013,12.592,12.592
11/6/2013,12.63,12.63
11/7/2013,12.788,12.788
11/8/2013,13.06,13.06
11/11/2013,13.08,13.08
11/12/2013,13.193,13.193
11/13/2013,13.198,13.198
11/14/2013,13.172,13.172
11/15/2013,12.805,11.535
11/18/2013,12.875,11.512
11/19/2013,12.762,11.495
11/20/2013,12.738,11.533
11/21/2013,12.915,11.592
11/22/2013,13.195,11.67
11/25/2013,13.292,11.613
11/26/2013,13.292,11.563
11/27/2013,13.2,11.458
11/29/2013,13.365,11.47
12/2/2013,13.212,11.5
12/3/2013,13.198,11.578
12/4/2013,13.295,11.635
12/5/2013,13.28,11.63
12/6/2013,13.255,11.642
12/9/2013,13.438,11.722
12/10/2013,13.382,11.672
12/11/2013,13.44,11.672
12/12/2013,13.238,11.583
12/13/2013,13.275,11.578
12/16/2013,13.377,11.615
12/17/2013,13.465,11.65
12/18/2013,13.24,11.602
12/19/2013,13.27,11.645
12/20/2013,13.39,11.695
12/23/2013,13.285,11.653
12/24/2013,13.337,11.635
12/26/2013,13.188,11.515
12/27/2013,13.315,11.545
12/30/2013,13.283,11.465
12/31/2013,13.125,11.35
1/2/2014,12.87,11.29
1/3/2014,12.892,11.297
1/6/2014,12.967,11.26
1/7/2014,12.995,11.167
1/8/2014,13.007,11.04
1/9/2014,12.962,11.01
1/10/2014,13.038,10.998
1/13/2014,13.267,11.14
1/14/2014,13.39,11.195
1/15/2014,13.18,11.18
1/16/2014,13.15,11.222
1/17/2014,13.165,11.25
1/21/2014,12.805,11.09
1/22/2014,12.795,11.13
1/23/2014,12.77,11.087
1/24/2014,12.847,11.092
1/27/2014,12.877,11.015
1/28/2014,12.855,11.05
1/29/2014,12.693,10.977
1/30/2014,12.75,10.972
1/31/2014,12.828,11.045
2/3/2014,12.927,11.085
2/4/2014,13.132,11.105
2/5/2014,13.163,11.125
2/6/2014,13.257,11.185
2/7/2014,13.315,11.217
2/10/2014,13.255,11.163
2/11/2014,13.347,11.235
2/12/2014,13.23,11.188
2/13/2014,13.443,11.337
2/14/2014,13.375,11.305
2/18/2014,13.61,11.38
2/19/2014,13.542,11.37
2/20/2014,13.583,11.453
2/21/2014,13.708,11.538
2/24/2014,13.865,11.602
2/25/2014,13.99,11.675
2/26/2014,14.073,11.693
2/27/2014,13.935,11.555
2/28/2014,14.142,11.693
3/3/2014,14.073,11.715
3/4/2014,14.18,11.813
3/5/2014,14.2,11.797
3/6/2014,14.375,11.86
3/7/2014,14.575,11.873
3/10/2014,14.193,11.765
3/11/2014,14.115,11.895
3/12/2014,13.818,11.762
3/13/2014,13.908,11.797
3/14/2014,13.76,11.745
3/17/2014,13.917,11.757
3/18/2014,14.182,11.845
3/19/2014,14.313,11.91
3/20/2014,14.337,11.895
3/21/2014,14.087,11.773
3/24/2014,14.255,11.84
3/25/2014,14.28,11.887
3/26/2014,14.4,11.932
3/27/2014,14.365,11.927
3/28/2014,14.365,11.905
3/31/2014,14.64,11.873
4/1/2014,14.845,12.073
4/2/2014,14.623,11.98
4/3/2014,14.752,12.035
4/4/2014,14.738,12.085
4/7/2014,14.642,12.083
4/8/2014,14.825,12.175
4/9/2014,14.953,12.275
4/10/2014,14.823,12.255
4/11/2014,14.63,12.148
4/14/2014,14.762,12.2
4/15/2014,15.012,12.29
4/16/2014,15.188,12.373
4/17/2014,15.14,12.392
4/21/2014,14.988,12.238
4/22/2014,14.797,12.155
4/23/2014,14.685,12.275
4/24/2014,14.72,12.31
4/25/2014,14.98,12.398
4/28/2014,15.083,12.392
4/29/2014,15.24,12.48
4/30/2014,15.307,12.467
5/1/2014,14.735,12.255
5/2/2014,14.807,12.225
5/5/2014,14.72,12.275
5/6/2014,14.64,12.252
5/7/2014,14.51,12.172
5/8/2014,14.743,12.24
5/9/2014,15.01,12.262
5/12/2014,14.837,12.123
5/13/2014,15.023,12.19
5/14/2014,14.962,12.225
5/15/2014,14.703,12.177
5/16/2014,14.65,12.215
5/19/2014,14.852,12.387
5/20/2014,14.698,12.323
5/21/2014,15.052,12.535
5/22/2014,15.188,12.708
5/23/2014,15.155,12.658
5/27/2014,14.887,12.387
5/28/2014,14.977,12.43
5/29/2014,14.99,12.443
5/30/2014,14.932,12.337
6/2/2014,15.005,12.297
6/3/2014,14.813,12.217
6/4/2014,14.825,12.172
6/5/2014,14.605,12.105
6/6/2014,14.57,12.188
6/9/2014,14.57,12.243
6/10/2014,14.625,12.295
6/11/2014,14.455,12.208
6/12/2014,14.153,12.123
6/13/2014,14.257,12.212
6/16/2014,14.217,12.17
6/17/2014,13.983,12.12
6/18/2014,14.09,12.13
6/19/2014,14.208,12.273
6/20/2014,14.158,12.315
6/23/2014,14.248,12.337
6/24/2014,14.135,12.245
6/25/2014,14.158,12.29
6/26/2014,14.37,12.443
6/27/2014,14.32,12.28
6/30/2014,14.005,11.573
7/1/2014,14,11.475
7/2/2014,13.925,11.415
7/3/2014,13.877,11.335
7/7/2014,13.63,11.255
7/8/2014,13.297,11.163
7/9/2014,13.345,11.038
7/10/2014,13.297,10.93
7/11/2014,12.958,10.75
7/14/2014,12.95,10.863
7/15/2014,11.805,10.863
7/16/2014,11.873,11.02
7/17/2014,11.748,10.94
7/18/2014,11.767,10.852
7/21/2014,11.757,10.715
7/22/2014,11.84,10.578
7/23/2014,12.01,10.765
7/24/2014,12.075,10.847
7/25/2014,12.123,10.835
7/28/2014,12.365,11.078
7/29/2014,12.265,10.95
7/30/2014,12.205,10.813
7/31/2014,12.245,10.82
8/1/2014,12.15,10.585
8/4/2014,12.325,10.795
8/5/2014,12.227,10.658
8/6/2014,12.37,10.8
8/7/2014,12.5,10.78
8/8/2014,12.847,10.847
8/11/2014,13.148,10.733
8/12/2014,12.9,10.595
8/13/2014,12.645,10.467
8/14/2014,12.245,10.56
8/15/2014,11.025,10.52
8/18/2014,11.155,10.578
8/19/2014,11.203,10.528
8/20/2014,11.198,10.38
8/21/2014,11.363,10.382
8/22/2014,11.66,10.42
8/25/2014,11.257,10.292
8/26/2014,10.755,10.28
8/27/2014,10.858,10.238
8/28/2014,10.738,10.288
8/29/2014,10.895,10.243
9/2/2014,10.972,10.32
9/3/2014,10.807,10.2
9/4/2014,10.642,10.033
9/5/2014,10.855,10.215
9/8/2014,10.908,10.085
9/9/2014,10.765,9.927
9/10/2014,10.71,9.938
9/11/2014,10.615,9.815
9/12/2014,10.91,9.852
9/15/2014,9.895,9.895
9/16/2014,9.807,9.807
9/17/2014,9.825,9.825
9/18/2014,9.715,9.715
9/19/2014,9.57,9.57
9/22/2014,9.382,9.382
9/23/2014,9.363,9.363
9/24/2014,9.368,9.368
9/25/2014,9.227,9.227
9/26/2014,9.102,9.102
9/29/2014,9.235,9.235
9/30/2014,9.132,9.132
10/1/2014,9.167,9.167
10/2/2014,9.245,9.245
10/3/2014,9.123,9.123
10/6/2014,9.422,9.422
10/7/2014,9.408,9.408
10/8/2014,9.35,9.35
10/9/2014,9.42,9.42
10/10/2014,9.225,9.225
10/13/2014,9.453,9.453
10/14/2014,9.648,9.648
10/15/2014,9.525,9.525
10/16/2014,9.665,9.665
10/17/2014,9.517,9.517
10/20/2014,9.443,9.443
10/21/2014,9.642,9.642
10/22/2014,9.627,9.627
10/23/2014,9.932,9.932
10/24/2014,9.775,9.775
10/27/2014,10.06,10.06
10/28/2014,10.08,10.08
10/29/2014,10.43,10.43
10/30/2014,10.243,10.243
10/31/2014,10.465,10.465
11/3/2014,10.288,10.288
11/4/2014,10.1,10.1
11/5/2014,10.205,10.205
11/6/2014,10.31,10.31
11/7/2014,10.403,10.403
11/10/2014,10.275,10.275
11/11/2014,10.665,10.665
11/12/2014,10.483,10.483
11/13/2014,10.505,10.505
11/14/2014,10.21,10.21
11/17/2014,10.363,10.25
11/18/2014,10.233,10.11
11/19/2014,10.047,9.925
11/20/2014,10.205,10.045
11/21/2014,10.39,10.177
11/24/2014,10.337,10.097
11/25/2014,10.51,10.238
11/26/2014,10.47,10.215
11/28/2014,10.16,9.97
12/1/2014,10.17,9.972
12/2/2014,9.958,9.807
12/3/2014,9.983,9.818
12/4/2014,10.105,9.91
12/5/2014,10.36,10.137
12/8/2014,10.438,10.165
12/9/2014,10.493,10.203
12/10/2014,10.32,10.095
12/11/2014,10.422,10.18
12/12/2014,10.472,10.198
12/15/2014,10.395,10.115
12/16/2014,10.235,10.02
12/17/2014,10.27,10.095
12/18/2014,10.35,10.198
12/19/2014,10.305,10.175
12/22/2014,10.382,10.24
12/23/2014,10.385,10.233
12/24/2014,10.288,10.142
12/26/2014,10.475,10.29
12/29/2014,10.417,10.245
12/30/2014,10.377,10.212
12/31/2014,10.193,10.055
1/2/2015,10.025,9.932
1/5/2015,10.398,10.25
1/6/2015,10.51,10.288
1/7/2015,10.528,10.25
1/8/2015,10.45,10.17
1/9/2015,10.515,10.195
1/12/2015,10.135,9.938
1/13/2015,10,9.868
1/14/2015,9.925,9.913
1/15/2015,9.91,9.765
1/16/2015,9.917,9.752
1/20/2015,9.82,9.667
1/21/2015,9.835,9.658
1/22/2015,9.767,9.61
1/23/2015,9.727,9.597
1/26/2015,9.835,9.717
1/27/2015,9.738,9.627
1/28/2015,9.703,9.583
1/29/2015,9.682,9.512
1/30/2015,9.61,9.458
2/2/2015,9.595,9.453
2/3/2015,9.87,9.663
2/4/2015,9.72,9.55
2/5/2015,9.813,9.648
2/6/2015,9.735,9.6
2/9/2015,9.785,9.645
2/10/2015,9.69,9.538
2/11/2015,9.778,9.597
2/12/2015,9.837,9.642
2/13/2015,9.905,9.71
2/17/2015,10.078,9.863
2/18/2015,9.958,9.765
2/19/2015,10.073,9.863
2/20/2015,9.993,9.8
2/23/2015,9.993,9.797
2/24/2015,10.16,9.927
2/25/2015,10.078,9.873
2/26/2015,10.24,9.975
2/27/2015,10.307,9.975
3/2/2015,10.113,9.852
3/3/2015,10.087,9.877
3/4/2015,9.89,9.727
3/5/2015,9.792,9.66
3/6/2015,9.792,9.653
3/9/2015,9.882,9.72
3/10/2015,9.8,9.653
3/11/2015,9.89,9.715
3/12/2015,9.865,9.675
3/13/2015,9.682,9.533
3/16/2015,9.693,9.515
3/17/2015,9.545,9.4
3/18/2015,9.65,9.507
3/19/2015,9.618,9.462
3/20/2015,9.738,9.563
3/23/2015,9.835,9.65
3/24/2015,9.818,9.625
3/25/2015,9.788,9.573
3/26/2015,9.745,9.552
3/27/2015,9.672,9.488
3/30/2015,9.677,9.493
3/31/2015,9.733,9.552
4/1/2015,9.898,9.727
4/2/2015,9.86,9.743
4/6/2015,9.785,9.682
4/7/2015,9.71,9.632
4/8/2015,9.715,9.605
4/9/2015,9.535,9.453
4/10/2015,9.515,9.425
4/13/2015,9.488,9.392
4/14/2015,9.602,9.483
4/15/2015,9.65,9.525
4/16/2015,9.66,9.528
4/17/2015,9.688,9.528
4/20/2015,9.775,9.583
4/21/2015,9.752,9.568
4/22/2015,9.705,9.538
4/23/2015,9.783,9.615
4/24/2015,9.698,9.525
4/27/2015,9.73,9.52
4/28/2015,9.775,9.53
4/29/2015,9.885,9.618
4/30/2015,9.785,9.523
5/1/2015,9.685,9.408
5/4/2015,9.83,9.49
5/5/2015,9.935,9.545
5/6/2015,9.905,9.56
5/7/2015,9.815,9.51
5/8/2015,9.845,9.52
5/11/2015,9.83,9.495
5/12/2015,9.67,9.307
5/13/2015,9.75,9.345
5/14/2015,9.63,9.37
5/15/2015,9.533,9.345
5/18/2015,9.545,9.35
5/19/2015,9.462,9.235
5/20/2015,9.413,9.198
5/21/2015,9.385,9.185
5/22/2015,9.243,9.07
5/26/2015,9.225,9.047
5/27/2015,9.27,9.065
5/28/2015,9.26,9.02
5/29/2015,9.34,9.057
6/1/2015,9.26,9.012
6/2/2015,9.408,9.17
6/3/2015,9.352,9.15
6/4/2015,9.465,9.24
6/5/2015,9.377,9.142
6/8/2015,9.443,9.203
6/9/2015,9.515,9.25
6/10/2015,9.495,9.217
6/11/2015,9.4,9.087
6/12/2015,9.4,9.042
6/15/2015,9.377,9.042
6/16/2015,9.575,9.275
6/17/2015,9.69,9.398
6/18/2015,9.778,9.422
6/19/2015,9.715,9.398
6/22/2015,9.895,9.592
6/23/2015,9.875,9.608
6/24/2015,9.818,9.56
6/25/2015,10.002,9.778
6/26/2015,10.02,9.86
6/29/2015,10.025,9.8
6/30/2015,10.563,10.373
7/1/2015,10.44,10.295
7/2/2015,10.453,10.302
7/6/2015,10.337,10.148
7/7/2015,10.02,9.858
7/8/2015,10.063,9.882
7/9/2015,10.377,10.158
7/10/2015,10.435,10.222
7/13/2015,10.453,10.285
7/14/2015,10.39,10.25
7/15/2015,10.25,10.16
7/16/2015,10.19,10.11
7/17/2015,10.148,10.068
7/20/2015,10.078,9.995
7/21/2015,10.188,10.047
7/22/2015,10.208,9.955
7/23/2015,10.1,9.805
7/24/2015,9.913,9.65
7/27/2015,9.613,9.333
7/28/2015,9.748,9.448
7/29/2015,9.83,9.432
7/30/2015,9.903,9.5
7/31/2015,9.807,9.403
8/3/2015,9.775,9.355
8/4/2015,9.76,9.422
8/5/2015,9.917,9.533
8/6/2015,9.855,9.432
8/7/2015,10.09,9.632
8/10/2015,10.448,9.945
8/11/2015,10.14,9.715
8/12/2015,9.51,9.1
8/13/2015,9.93,9.27
8/14/2015,9.785,9.165
8/17/2015,9.27,9.17
8/18/2015,9.132,9.042
8/19/2015,9.035,8.935
8/20/2015,9.215,9.073
8/21/2015,9.052,8.895
8/24/2015,8.927,8.74
8/25/2015,8.943,8.778
8/26/2015,8.778,8.65
8/27/2015,8.863,8.79
8/28/2015,8.932,8.855
8/31/2015,8.975,8.875
9/1/2015,8.847,8.74
9/2/2015,8.837,8.74
9/3/2015,8.797,8.695
9/4/2015,8.773,8.665
9/8/2015,8.908,8.792
9/9/2015,8.828,8.722
9/10/2015,8.845,8.74
9/11/2015,8.877,8.743
9/14/2015,8.828,8.842
9/15/2015,8.89,8.89
9/16/2015,8.873,8.873
9/17/2015,8.845,8.845
9/18/2015,8.672,8.672
9/21/2015,8.743,8.743
9/22/2015,8.618,8.618
9/23/2015,8.637,8.637
9/24/2015,8.68,8.68
9/25/2015,8.892,8.892
9/28/2015,8.767,8.767
9/29/2015,8.842,8.842
9/30/2015,8.92,8.92
10/1/2015,8.773,8.773
10/2/2015,8.743,8.743
10/5/2015,8.842,8.842
10/6/2015,8.88,8.88
10/7/2015,8.91,8.91
10/8/2015,8.813,8.813
10/9/2015,8.858,8.858
10/12/2015,8.875,8.875
10/13/2015,9.14,9.14
10/14/2015,9.105,9.105
10/15/2015,9.052,9.052
10/16/2015,8.983,8.983
10/19/2015,8.91,8.91
10/20/2015,8.96,8.96
10/21/2015,9.052,9.052
10/22/2015,8.988,8.988
10/23/2015,8.955,8.955
10/26/2015,8.85,8.85
10/27/2015,8.913,8.913
10/28/2015,8.815,8.815
10/29/2015,8.788,8.788
10/30/2015,8.837,8.837
11/2/2015,8.778,8.778
11/3/2015,8.785,8.785
11/4/2015,8.82,8.82
11/5/2015,8.677,8.677
11/6/2015,8.712,8.712
11/9/2015,8.735,8.735
11/10/2015,8.645,8.645
11/11/2015,8.685,8.685
11/12/2015,8.693,8.693
11/13/2015,8.59,8.59
11/16/2015,8.595,8.795
11/17/2015,8.64,8.818
11/18/2015,8.578,8.77
11/19/2015,8.6,8.795
11/20/2015,8.575,8.785
11/23/2015,8.642,8.85
11/24/2015,8.637,8.835
11/25/2015,8.752,8.943
11/27/2015,8.73,8.927
11/30/2015,8.81,8.99
12/1/2015,8.892,9.07
12/2/2015,8.922,9.115
12/3/2015,8.975,9.167
12/4/2015,9.06,9.24
12/7/2015,8.823,9.012
12/8/2015,8.767,8.953
12/9/2015,8.767,8.955
12/10/2015,8.783,8.988
12/11/2015,8.708,8.903
12/14/2015,8.743,8.908
12/15/2015,8.672,8.84
12/16/2015,8.625,8.792
12/17/2015,8.77,8.94
12/18/2015,8.922,9.073
12/21/2015,8.913,9.055
12/22/2015,8.852,9.012
12/23/2015,8.818,8.953
12/24/2015,8.752,8.9
12/28/2015,8.65,8.795
12/29/2015,8.7,8.852
12/30/2015,8.755,8.882
12/31/2015,8.712,8.828
1/4/2016,8.645,8.727
1/5/2016,8.677,8.75
1/6/2016,8.757,8.788
1/7/2016,8.77,8.778
1/8/2016,8.795,8.785
1/11/2016,8.81,8.738
1/12/2016,8.908,8.863
1/13/2016,8.99,8.892
1/14/2016,8.96,8.903
1/15/2016,8.79,8.852
1/19/2016,8.835,8.885
1/20/2016,8.74,8.823
1/21/2016,8.785,8.873
1/22/2016,8.765,8.837
1/25/2016,8.805,8.898
1/26/2016,8.765,8.875
1/27/2016,8.83,8.943
1/28/2016,8.677,8.8
1/29/2016,8.823,8.93
2/1/2016,8.807,8.903
2/2/2016,8.863,8.97
2/3/2016,8.767,8.89
2/4/2016,8.745,8.882
2/5/2016,8.675,8.833
2/8/2016,8.625,8.773
2/9/2016,8.632,8.78
2/10/2016,8.623,8.778
2/11/2016,8.735,8.877
2/12/2016,8.727,8.86
2/16/2016,8.797,8.91
2/17/2016,8.825,8.927
2/18/2016,8.797,8.905
2/19/2016,8.783,8.885
2/22/2016,8.81,8.915
2/23/2016,8.693,8.823
2/24/2016,8.675,8.828
2/25/2016,8.59,8.767
2/26/2016,8.55,8.76
2/29/2016,8.53,8.735
3/1/2016,8.507,8.7
3/2/2016,8.542,8.75
3/3/2016,8.563,8.78
3/4/2016,8.705,8.91
3/7/2016,8.735,8.93
3/8/2016,8.775,8.96
3/9/2016,8.8,8.972
3/10/2016,8.818,9.007
3/11/2016,8.88,9.068
3/14/2016,8.88,9.07
3/15/2016,8.92,9.028
3/16/2016,8.945,9.05
3/17/2016,8.977,9.092
3/18/2016,8.975,9.097
3/21/2016,9.02,9.135
3/22/2016,9.102,9.215
3/23/2016,9.052,9.172
3/24/2016,9.105,9.227
3/28/2016,9.09,9.22
3/29/2016,9.16,9.285
3/30/2016,9.09,9.23
3/31/2016,9.108,9.248
4/1/2016,9.182,9.323
4/4/2016,9.135,9.285
4/5/2016,9.047,9.195
4/6/2016,9.08,9.222
4/7/2016,9.045,9.195
4/8/2016,9.167,9.307
4/11/2016,9.283,9.408
4/12/2016,9.363,9.477
4/13/2016,9.557,9.66
4/14/2016,9.48,9.592
4/15/2016,9.56,9.665
4/18/2016,9.542,9.672
4/19/2016,9.855,9.96
4/20/2016,10.097,9.998
4/21/2016,10.188,9.985
4/22/2016,9.87,9.83
4/25/2016,9.998,9.977
4/26/2016,10.177,10.09
4/27/2016,10.19,10.035
4/28/2016,10.18,10.085
4/29/2016,10.21,10.078
5/2/2016,10.355,10.177
5/3/2016,10.215,10.102
5/4/2016,10.245,10.155
5/5/2016,10.035,10.015
5/6/2016,10.262,10.22
5/9/2016,10.188,10.158
5/10/2016,10.76,10.675
5/11/2016,10.698,10.66
5/12/2016,10.645,10.613
5/13/2016,10.55,10.545
5/16/2016,10.645,10.55
5/17/2016,10.802,10.672
5/18/2016,10.752,10.575
5/19/2016,10.715,10.535
5/20/2016,10.743,10.495
5/23/2016,10.585,10.363
5/24/2016,10.547,10.292
5/25/2016,10.855,10.542
5/26/2016,10.797,10.505
5/27/2016,10.865,10.563
5/31/2016,10.785,10.557
6/1/2016,10.998,10.685
6/2/2016,11.443,10.818
6/3/2016,11.32,10.852
6/6/2016,11.382,11.057
6/7/2016,11.413,11.167
6/8/2016,11.778,11.502
6/9/2016,11.76,11.528
6/10/2016,11.783,11.627
6/13/2016,11.69,11.59
6/14/2016,11.695,11.493
6/15/2016,11.56,11.385
6/16/2016,11.345,11.193
6/17/2016,11.595,11.483
6/20/2016,11.435,11.328
6/21/2016,11.333,11.108
6/22/2016,11.375,11.167
6/23/2016,11.245,11.015
6/24/2016,11.03,10.785
6/27/2016,11.33,11.047
6/28/2016,11.505,11.203
6/29/2016,11.445,11.125
6/30/2016,11.75,11.533
7/1/2016,11.688,11.375
7/5/2016,11.17,10.773
7/6/2016,11.063,10.733
7/7/2016,10.542,10.248
7/8/2016,10.898,10.578
7/11/2016,10.828,10.55
7/12/2016,11.073,10.87
7/13/2016,11.28,11.052
7/14/2016,11.115,10.623
7/15/2016,10.725,10.573
7/18/2016,10.783,10.663
7/19/2016,10.44,10.278
7/20/2016,10.27,10.09
7/21/2016,10.325,10.125
7/22/2016,10.065,9.882
7/25/2016,9.837,9.663
7/26/2016,9.935,9.738
7/27/2016,10.105,9.86
7/28/2016,10.035,9.78
7/29/2016,10.325,10.03
8/1/2016,9.96,9.615
8/2/2016,9.852,9.53
8/3/2016,9.905,9.555
8/4/2016,9.905,9.568
8/5/2016,10.038,9.745
8/8/2016,10.188,9.85
8/9/2016,10.22,9.88
8/10/2016,10.17,9.823
8/11/2016,10.222,9.84
8/12/2016,10.033,9.818
8/15/2016,10.238,10.092
8/16/2016,10.195,10.073
8/17/2016,10.305,10.16
8/18/2016,10.323,10.145
8/19/2016,10.27,10.045
8/22/2016,10.352,10.158
8/23/2016,10.342,10.135
8/24/2016,10.307,10.052
8/25/2016,9.983,9.755
8/26/2016,9.908,9.672
8/29/2016,9.833,9.642
8/30/2016,9.655,9.507
8/31/2016,9.6,9.43
9/1/2016,9.59,9.438
9/2/2016,9.685,9.525
9/6/2016,9.743,9.597
9/7/2016,9.917,9.755
9/8/2016,9.92,9.767
9/9/2016,9.972,9.802
9/12/2016,9.845,9.642
9/13/2016,9.682,9.44
9/14/2016,9.72,9.427
9/15/2016,9.505,9.505
9/16/2016,9.66,9.66
9/19/2016,9.725,9.725
9/20/2016,9.898,9.898
9/21/2016,9.755,9.755
9/22/2016,9.765,9.765
9/23/2016,9.55,9.55
9/26/2016,9.453,9.453
9/27/2016,9.525,9.525
9/28/2016,9.455,9.455
9/29/2016,9.502,9.502
9/30/2016,9.54,9.54
10/3/2016,9.73,9.73
10/4/2016,9.635,9.635
10/5/2016,9.568,9.568
10/6/2016,9.585,9.585
10/7/2016,9.568,9.568
10/10/2016,9.545,9.545
10/11/2016,9.542,9.542
10/12/2016,9.455,9.455
10/13/2016,9.563,9.563
10/14/2016,9.625,9.625
10/17/2016,9.783,9.783
10/18/2016,9.725,9.725
10/19/2016,9.815,9.815
10/20/2016,9.755,9.755
10/21/2016,9.83,9.83
10/24/2016,9.92,9.92
10/25/2016,9.908,9.908
10/26/2016,10.1,10.1
10/27/2016,10.142,10.142
10/28/2016,10.012,10.012
10/31/2016,10.023,10.023
11/1/2016,9.842,9.842
11/2/2016,9.767,9.767
11/3/2016,9.797,9.797
11/4/2016,9.815,9.815
11/7/2016,9.892,9.892
11/8/2016,10.017,10.017
11/9/2016,9.82,9.82
11/10/2016,9.89,9.89
11/11/2016,9.785,9.785
11/14/2016,9.71,9.71
11/15/2016,9.895,9.863
11/16/2016,9.858,9.87
11/17/2016,9.895,9.93
11/18/2016,9.938,9.927
11/21/2016,10.203,10.097
11/22/2016,10.3,10.163
11/23/2016,10.342,10.165
11/25/2016,10.46,10.265
11/28/2016,10.56,10.34
11/29/2016,10.425,10.255
11/30/2016,10.323,10.18
12/1/2016,10.297,10.135
12/2/2016,10.275,10.15
12/5/2016,10.435,10.245
12/6/2016,10.477,10.275
12/7/2016,10.49,10.32
12/8/2016,10.27,10.13
12/9/2016,10.375,10.25
12/12/2016,10.31,10.22
12/13/2016,10.28,10.2
12/14/2016,10.238,10.16
12/15/2016,10.29,10.163
12/16/2016,10.368,10.198
12/19/2016,10.215,10.12
12/20/2016,10.052,9.967
12/21/2016,10.068,9.975
12/22/2016,9.945,9.875
12/23/2016,9.89,9.813
12/27/2016,10.148,10.025
12/28/2016,10.068,9.96
12/29/2016,10.033,9.935
12/30/2016,9.965,9.892
1/3/2017,9.868,9.833
1/4/2017,10.063,9.988
1/5/2017,10.035,9.962
1/6/2017,9.86,9.825
1/9/2017,9.965,9.938
1/10/2017,10.055,10
1/11/2017,10.03,9.98
1/12/2017,10.32,10.165
1/13/2017,10.425,10.185
1/17/2017,10.693,10.2
1/18/2017,10.75,10.283
1/19/2017,10.703,10.297
1/20/2017,10.675,10.288
1/23/2017,10.578,10.252
1/24/2017,10.585,10.26
1/25/2017,10.552,10.255
1/26/2017,10.495,10.233
1/27/2017,10.493,10.252
1/30/2017,10.227,10.04
1/31/2017,10.245,10.01
2/1/2017,10.368,10.12
2/2/2017,10.373,10.185
2/3/2017,10.27,10.097
2/6/2017,10.36,10.17
2/7/2017,10.427,10.195
2/8/2017,10.587,10.283
2/9/2017,10.505,10.26
2/10/2017,10.59,10.3
2/13/2017,10.542,10.273
2/14/2017,10.45,10.23
2/15/2017,10.613,10.342
2/16/2017,10.438,10.24
2/17/2017,10.325,10.182
2/21/2017,10.262,10.145
2/22/2017,10.227,10.135
2/23/2017,10.115,10.045
2/24/2017,10.135,10.07
2/27/2017,10.11,10.063
2/28/2017,10.25,10.182
3/1/2017,10.413,10.323
3/2/2017,10.267,10.217
3/3/2017,10.27,10.22
3/6/2017,10.267,10.217
3/7/2017,10.148,10.135
3/8/2017,10.11,10.102
3/9/2017,10.002,10.045
3/10/2017,9.962,9.998
3/13/2017,9.962,10.023
3/14/2017,9.873,9.945
3/15/2017,9.98,9.93
3/16/2017,10.015,9.955
3/17/2017,10,9.935
3/20/2017,9.995,9.935
3/21/2017,10.015,9.983
3/22/2017,9.998,9.988
3/23/2017,9.91,9.913
3/24/2017,9.757,9.77
3/27/2017,9.715,9.71
3/28/2017,9.72,9.722
3/29/2017,9.69,9.68
3/30/2017,9.63,9.632
3/31/2017,9.46,9.54
4/3/2017,9.382,9.502
4/4/2017,9.377,9.49
4/5/2017,9.443,9.54
4/6/2017,9.415,9.507
4/7/2017,9.42,9.495
4/10/2017,9.417,9.498
4/11/2017,9.392,9.485
4/12/2017,9.477,9.555
4/13/2017,9.555,9.618
4/17/2017,9.533,9.623
4/18/2017,9.46,9.568
4/19/2017,9.502,9.583
4/20/2017,9.467,9.538
4/21/2017,9.51,9.595
4/24/2017,9.613,9.675
4/25/2017,9.545,9.618
4/26/2017,9.458,9.54
4/27/2017,9.458,9.545
4/28/2017,9.453,9.533
5/1/2017,9.59,9.645
5/2/2017,9.58,9.648
5/3/2017,9.655,9.7
5/4/2017,9.653,9.648
5/5/2017,9.63,9.665
5/8/2017,9.563,9.613
5/9/2017,9.653,9.675
5/10/2017,9.618,9.667
5/11/2017,9.56,9.64
5/12/2017,9.54,9.597
5/15/2017,9.653,9.608
5/16/2017,9.762,9.677
5/17/2017,9.757,9.677
5/18/2017,9.448,9.448
5/19/2017,9.53,9.517
5/22/2017,9.565,9.563
5/23/2017,9.483,9.485
5/24/2017,9.483,9.48
5/25/2017,9.395,9.392
5/26/2017,9.265,9.292
5/30/2017,9.127,9.198
5/31/2017,9.16,9.182
6/1/2017,9.123,9.177
6/2/2017,9.212,9.255
6/5/2017,9.22,9.28
6/6/2017,9.235,9.318
6/7/2017,9.307,9.358
6/8/2017,9.38,9.438
6/9/2017,9.415,9.483
6/12/2017,9.313,9.382
6/13/2017,9.325,9.39
6/14/2017,9.318,9.39
6/15/2017,9.347,9.44
6/16/2017,9.39,9.5
6/19/2017,9.377,9.485
6/20/2017,9.278,9.387
6/21/2017,9.188,9.278
6/22/2017,9.04,9.132
6/23/2017,9.045,9.11
6/26/2017,9.068,9.137
6/27/2017,9.113,9.175
6/28/2017,9.14,9.217
6/29/2017,9.155,9.248
6/30/2017,9.422,9.547
7/3/2017,9.648,9.807
7/5/2017,9.762,9.943
7/6/2017,9.807,9.993
7/7/2017,9.96,10.155
7/10/2017,10.203,10.392
7/11/2017,10.252,10.432
7/12/2017,10.167,10.34
7/13/2017,9.725,9.875
7/14/2017,9.852,10.015
7/17/2017,9.85,9.975
7/18/2017,9.895,10.017
7/19/2017,9.998,10.125
7/20/2017,10.132,10.27
7/21/2017,10.09,10.222
7/24/2017,9.975,10.1
7/25/2017,9.815,9.927
7/26/2017,9.887,10.002
7/27/2017,9.948,10.075
7/28/2017,10.007,10.13
7/31/2017,9.945,10.073
8/1/2017,9.595,9.717
8/2/2017,9.665,9.775
8/3/2017,9.505,9.605
8/4/2017,9.493,9.568
8/7/2017,9.597,9.698
8/8/2017,9.63,9.733
8/9/2017,9.63,9.733
8/10/2017,9.307,9.403
8/11/2017,9.355,9.45
8/14/2017,9.255,9.382
8/15/2017,9.217,9.243
8/16/2017,9.217,9.252
8/17/2017,9.302,9.33
8/18/2017,9.375,9.377
8/21/2017,9.325,9.363
8/22/2017,9.337,9.375
8/23/2017,9.35,9.38
8/24/2017,9.413,9.465
8/25/2017,9.39,9.445
8/28/2017,9.352,9.413
8/29/2017,9.307,9.373
8/30/2017,9.23,9.333
8/31/2017,9.363,9.453
9/1/2017,9.42,9.495
9/5/2017,9.605,9.685
9/6/2017,9.645,9.71
9/7/2017,9.632,9.688
9/8/2017,9.565,9.62
9/11/2017,9.547,9.6
9/12/2017,9.443,9.505
